valor,data
,2010-01-01
,2010-01-02
,2010-01-03
70.04508,2010-01-04
70.23982,2010-01-05
70.72934,2010-01-06
70.45112,2010-01-07
70.2627,2010-01-08
,2010-01-09
,2010-01-10
70.43349,2010-01-11
70.07578,2010-01-12
70.38547,2010-01-13
69.80142,2010-01-14
68.9783,2010-01-15
,2010-01-16
,2010-01-17
69.40093,2010-01-18
69.90859,2010-01-19
68.20007,2010-01-20
66.27014,2010-01-21
66.22004,2010-01-22
,2010-01-23
,2010-01-24
,2010-01-25
65.52373,2010-01-26
65.06979,2010-01-27
65.58781,2010-01-28
65.40177,2010-01-29
,2010-01-30
,2010-01-31
66.57174,2010-02-01
67.16321,2010-02-02
67.10856,2010-02-03
63.93401,2010-02-04
62.7627,2010-02-05
,2010-02-06
,2010-02-07
63.15309,2010-02-08
64.71817,2010-02-09
65.05142,2010-02-10
66.12894,2010-02-11
65.85497,2010-02-12
,2010-02-13
,2010-02-14
,2010-02-15
,2010-02-16
67.28457,2010-02-17
67.83608,2010-02-18
67.59743,2010-02-19
,2010-02-20
,2010-02-21
67.18416,2010-02-22
66.10833,2010-02-23
65.79477,2010-02-24
66.12104,2010-02-25
66.50327,2010-02-26
,2010-02-27
,2010-02-28
67.22793,2010-03-01
67.77916,2010-03-02
67.64134,2010-03-03
67.81471,2010-03-04
68.8465,2010-03-05
,2010-03-06
,2010-03-07
68.57547,2010-03-08
69.57638,2010-03-09
69.97928,2010-03-10
69.88461,2010-03-11
69.34138,2010-03-12
,2010-03-13
,2010-03-14
69.02375,2010-03-15
69.94221,2010-03-16
69.72324,2010-03-17
69.69733,2010-03-18
68.82898,2010-03-19
,2010-03-20
,2010-03-21
69.04173,2010-03-22
69.38672,2010-03-23
68.9134,2010-03-24
68.44166,2010-03-25
68.68266,2010-03-26
,2010-03-27
,2010-03-28
69.93912,2010-03-29
69.95958,2010-03-30
70.37154,2010-03-31
71.13634,2010-04-01
,2010-04-02
,2010-04-03
,2010-04-04
71.28968,2010-04-05
71.09565,2010-04-06
70.79294,2010-04-07
71.78478,2010-04-08
71.41727,2010-04-09
,2010-04-10
,2010-04-11
70.61436,2010-04-12
70.7924,2010-04-13
71.03485,2010-04-14
70.52435,2010-04-15
69.42135,2010-04-16
,2010-04-17
,2010-04-18
69.09758,2010-04-19
69.31844,2010-04-20
,2010-04-21
69.38641,2010-04-22
69.50949,2010-04-23
,2010-04-24
,2010-04-25
68.87194,2010-04-26
66.5111,2010-04-27
66.65571,2010-04-28
67.97805,2010-04-29
67.52973,2010-04-30
,2010-05-01
,2010-05-02
67.11941,2010-05-03
64.86932,2010-05-04
64.91417,2010-05-05
63.41422,2010-05-06
62.87088,2010-05-07
,2010-05-08
,2010-05-09
65.45268,2010-05-10
64.42489,2010-05-11
65.22363,2010-05-12
64.78822,2010-05-13
63.41247,2010-05-14
,2010-05-15
,2010-05-16
62.86626,2010-05-17
60.84108,2010-05-18
59.68932,2010-05-19
58.19208,2010-05-20
60.25933,2010-05-21
,2010-05-22
,2010-05-23
59.91514,2010-05-24
59.18408,2010-05-25
60.19036,2010-05-26
62.09177,2010-05-27
61.94699,2010-05-28
,2010-05-29
,2010-05-30
63.04651,2010-05-31
61.84099,2010-06-01
62.94291,2010-06-02
,2010-06-03
61.67575,2010-06-04
,2010-06-05
,2010-06-06
61.18292,2010-06-07
61.79364,2010-06-08
61.47861,2010-06-09
63.0488,2010-06-10
63.60538,2010-06-11
,2010-06-12
,2010-06-13
63.53285,2010-06-14
64.44227,2010-06-15
64.75071,2010-06-16
64.54091,2010-06-17
64.43758,2010-06-18
,2010-06-19
,2010-06-20
64.82903,2010-06-21
64.81062,2010-06-22
65.16033,2010-06-23
63.9367,2010-06-24
64.82383,2010-06-25
,2010-06-26
,2010-06-27
64.22522,2010-06-28
61.97791,2010-06-29
60.9359,2010-06-30
61.2362,2010-07-01
61.42979,2010-07-02
,2010-07-03
,2010-07-04
60.86527,2010-07-05
62.06475,2010-07-06
63.2838,2010-07-07
63.47632,2010-07-08
,2010-07-09
,2010-07-10
,2010-07-11
62.9601,2010-07-12
63.68556,2010-07-13
63.47946,2010-07-14
63.48937,2010-07-15
62.33927,2010-07-16
,2010-07-17
,2010-07-18
63.29704,2010-07-19
64.4625,2010-07-20
64.47684,2010-07-21
65.7481,2010-07-22
66.32299,2010-07-23
,2010-07-24
,2010-07-25
66.44326,2010-07-26
66.67444,2010-07-27
66.80825,2010-07-28
66.95383,2010-07-29
67.5154,2010-07-30
,2010-07-31
,2010-08-01
68.51746,2010-08-02
67.99736,2010-08-03
68.272,2010-08-04
68.41172,2010-08-05
68.09476,2010-08-06
,2010-08-07
,2010-08-08
67.86228,2010-08-09
67.22323,2010-08-10
65.79029,2010-08-11
65.96617,2010-08-12
66.26443,2010-08-13
,2010-08-14
,2010-08-15
66.70189,2010-08-16
67.58377,2010-08-17
67.63838,2010-08-18
66.88713,2010-08-19
66.67716,2010-08-20
,2010-08-21
,2010-08-22
65.98186,2010-08-23
65.15636,2010-08-24
64.80343,2010-08-25
63.86748,2010-08-26
65.58514,2010-08-27
,2010-08-28
,2010-08-29
64.26079,2010-08-30
65.14545,2010-08-31
67.07253,2010-09-01
66.80808,2010-09-02
66.67862,2010-09-03
,2010-09-04
,2010-09-05
66.7473,2010-09-06
,2010-09-07
66.40728,2010-09-08
66.6241,2010-09-09
66.80679,2010-09-10
,2010-09-11
,2010-09-12
68.03058,2010-09-13
67.69185,2010-09-14
68.10685,2010-09-15
67.66299,2010-09-16
67.08912,2010-09-17
,2010-09-18
,2010-09-19
68.19046,2010-09-20
67.71913,2010-09-21
68.32518,2010-09-22
68.79432,2010-09-23
68.19648,2010-09-24
,2010-09-25
,2010-09-26
68.81597,2010-09-27
69.22763,2010-09-28
69.22824,2010-09-29
69.42978,2010-09-30
70.22935,2010-10-01
,2010-10-02
,2010-10-03
70.38492,2010-10-04
71.28311,2010-10-05
70.54137,2010-10-06
69.9184,2010-10-07
70.8088,2010-10-08
,2010-10-09
,2010-10-10
70.94649,2010-10-11
,2010-10-12
71.6749,2010-10-13
71.69229,2010-10-14
71.83018,2010-10-15
,2010-10-16
,2010-10-17
71.73553,2010-10-18
69.86358,2010-10-19
70.40468,2010-10-20
69.6521,2010-10-21
69.52973,2010-10-22
,2010-10-23
,2010-10-24
69.58028,2010-10-25
70.74039,2010-10-26
70.56894,2010-10-27
70.32013,2010-10-28
70.6733,2010-10-29
,2010-10-30
,2010-10-31
71.56093,2010-11-01
,2010-11-02
71.90477,2010-11-03
72.99569,2010-11-04
72.60658,2010-11-05
,2010-11-06
,2010-11-07
72.65737,2010-11-08
71.67947,2010-11-09
71.63838,2010-11-10
71.19516,2010-11-11
70.36715,2010-11-12
,2010-11-13
,2010-11-14
,2010-11-15
69.19241,2010-11-16
69.70863,2010-11-17
70.7814,2010-11-18
70.8979,2010-11-19
,2010-11-20
,2010-11-21
69.6325,2010-11-22
67.95255,2010-11-23
69.62936,2010-11-24
69.36163,2010-11-25
68.2261,2010-11-26
,2010-11-27
,2010-11-28
67.90818,2010-11-29
67.7054,2010-11-30
69.34585,2010-12-01
69.52707,2010-12-02
69.76609,2010-12-03
,2010-12-04
,2010-12-05
69.55181,2010-12-06
69.33764,2010-12-07
68.17492,2010-12-08
67.87946,2010-12-09
68.34183,2010-12-10
,2010-12-11
,2010-12-12
69.12632,2010-12-13
68.74297,2010-12-14
67.87014,2010-12-15
67.30639,2010-12-16
67.98122,2010-12-17
,2010-12-18
,2010-12-19
67.2636,2010-12-20
68.21486,2010-12-21
68.47076,2010-12-22
68.48596,2010-12-23
,2010-12-24
,2010-12-25
,2010-12-26
67.80316,2010-12-27
68.04094,2010-12-28
68.95242,2010-12-29
69.30481,2010-12-30
,2010-12-31
,2011-01-01
,2011-01-02
69.96232,2011-01-03
70.31779,2011-01-04
71.09103,2011-01-05
70.57883,2011-01-06
70.0572,2011-01-07
,2011-01-08
,2011-01-09
70.12704,2011-01-10
70.42344,2011-01-11
71.6329,2011-01-12
70.72144,2011-01-13
70.94022,2011-01-14
,2011-01-15
,2011-01-16
70.60907,2011-01-17
70.91975,2011-01-18
70.05808,2011-01-19
69.56153,2011-01-20
69.13309,2011-01-21
,2011-01-22
,2011-01-23
69.42657,2011-01-24
,2011-01-25
68.70922,2011-01-26
68.05071,2011-01-27
66.69757,2011-01-28
,2011-01-29
,2011-01-30
66.57488,2011-01-31
67.84734,2011-02-01
66.68848,2011-02-02
66.76484,2011-02-03
65.26915,2011-02-04
,2011-02-05
,2011-02-06
65.36204,2011-02-07
65.77133,2011-02-08
64.21752,2011-02-09
64.57783,2011-02-10
65.75566,2011-02-11
,2011-02-12
,2011-02-13
66.55755,2011-02-14
66.34139,2011-02-15
67.57662,2011-02-16
67.68499,2011-02-17
68.06682,2011-02-18
,2011-02-19
,2011-02-20
67.25866,2011-02-21
66.43983,2011-02-22
66.91048,2011-02-23
66.94899,2011-02-24
66.90253,2011-02-25
,2011-02-26
,2011-02-27
67.38322,2011-02-28
66.24263,2011-03-01
67.28151,2011-03-02
68.14553,2011-03-03
68.0121,2011-03-04
,2011-03-05
,2011-03-06
,2011-03-07
,2011-03-08
67.26375,2011-03-09
66.04066,2011-03-10
66.6846,2011-03-11
,2011-03-12
,2011-03-13
67.16925,2011-03-14
67.00522,2011-03-15
66.00257,2011-03-16
66.21593,2011-03-17
66.87989,2011-03-18
,2011-03-19
,2011-03-20
66.68961,2011-03-21
67.57833,2011-03-22
67.79551,2011-03-23
67.53297,2011-03-24
67.76594,2011-03-25
,2011-03-26
,2011-03-27
67.19282,2011-03-28
67.41876,2011-03-29
67.99706,2011-03-30
68.5867,2011-03-31
69.26829,2011-04-01
,2011-04-02
,2011-04-03
69.7038,2011-04-04
69.83752,2011-04-05
69.03691,2011-04-06
69.17612,2011-04-07
68.71801,2011-04-08
,2011-04-09
,2011-04-10
68.16436,2011-04-11
66.89623,2011-04-12
66.48649,2011-04-13
66.27889,2011-04-14
66.68421,2011-04-15
,2011-04-16
,2011-04-17
65.41549,2011-04-18
66.15809,2011-04-19
67.05802,2011-04-20
,2011-04-21
,2011-04-22
,2011-04-23
,2011-04-24
66.97237,2011-04-25
67.14426,2011-04-26
66.26447,2011-04-27
65.67321,2011-04-28
66.13286,2011-04-29
,2011-04-30
,2011-05-01
65.46275,2011-05-02
64.31818,2011-05-03
63.6155,2011-05-04
63.40701,2011-05-05
64.41734,2011-05-06
,2011-05-07
,2011-05-08
64.62197,2011-05-09
64.87688,2011-05-10
63.77582,2011-05-11
64.00316,2011-05-12
63.2353,2011-05-13
,2011-05-14
,2011-05-15
62.82968,2011-05-16
63.67334,2011-05-17
62.84061,2011-05-18
62.36736,2011-05-19
62.59652,2011-05-20
,2011-05-21
,2011-05-22
62.34518,2011-05-23
63.33675,2011-05-24
63.38844,2011-05-25
64.09857,2011-05-26
64.29496,2011-05-27
,2011-05-28
,2011-05-29
63.95393,2011-05-30
64.62008,2011-05-31
63.41148,2011-06-01
64.21808,2011-06-02
64.3405,2011-06-03
,2011-06-04
,2011-06-05
63.06773,2011-06-06
63.21785,2011-06-07
63.03297,2011-06-08
63.46882,2011-06-09
62.69716,2011-06-10
,2011-06-11
,2011-06-12
62.02292,2011-06-13
62.20483,2011-06-14
61.60374,2011-06-15
60.88062,2011-06-16
61.05998,2011-06-17
,2011-06-18
,2011-06-19
61.16824,2011-06-20
61.42361,2011-06-21
61.19409,2011-06-22
,2011-06-23
61.01672,2011-06-24
,2011-06-25
,2011-06-26
61.21698,2011-06-27
62.30337,2011-06-28
62.33397,2011-06-29
62.40364,2011-06-30
63.39434,2011-07-01
,2011-07-02
,2011-07-03
63.89131,2011-07-04
63.03881,2011-07-05
62.56546,2011-07-06
62.20733,2011-07-07
61.51324,2011-07-08
,2011-07-09
,2011-07-10
60.22363,2011-07-11
59.70475,2011-07-12
60.66989,2011-07-13
59.67935,2011-07-14
59.47801,2011-07-15
,2011-07-16
,2011-07-17
58.83761,2011-07-18
59.08213,2011-07-19
59.11971,2011-07-20
60.26295,2011-07-21
60.27047,2011-07-22
,2011-07-23
,2011-07-24
59.97054,2011-07-25
59.3399,2011-07-26
58.28846,2011-07-27
58.70825,2011-07-28
58.82345,2011-07-29
,2011-07-30
,2011-07-31
58.53574,2011-08-01
57.31078,2011-08-02
56.01722,2011-08-03
52.81136,2011-08-04
52.94922,2011-08-05
,2011-08-06
,2011-08-07
48.66829,2011-08-08
51.1509,2011-08-09
51.39529,2011-08-10
53.34311,2011-08-11
53.47335,2011-08-12
,2011-08-13
,2011-08-14
54.65183,2011-08-15
54.32361,2011-08-16
55.07302,2011-08-17
53.1341,2011-08-18
52.44763,2011-08-19
,2011-08-20
,2011-08-21
52.44023,2011-08-22
53.78663,2011-08-23
53.7957,2011-08-24
52.9533,2011-08-25
53.35079,2011-08-26
,2011-08-27
,2011-08-28
54.86073,2011-08-29
55.38503,2011-08-30
56.49512,2011-08-31
58.1182,2011-09-01
56.53162,2011-09-02
,2011-09-03
,2011-09-04
54.99841,2011-09-05
56.6073,2011-09-06
,2011-09-07
57.62363,2011-09-08
55.77839,2011-09-09
,2011-09-10
,2011-09-11
55.68547,2011-09-12
55.54397,2011-09-13
56.28604,2011-09-14
56.38146,2011-09-15
57.21011,2011-09-16
,2011-09-17
,2011-09-18
57.10278,2011-09-19
56.37863,2011-09-20
55.9819,2011-09-21
53.28028,2011-09-22
53.23036,2011-09-23
,2011-09-24
,2011-09-25
53.74752,2011-09-26
53.92036,2011-09-27
53.27036,2011-09-28
53.38467,2011-09-29
52.32442,2011-09-30
,2011-10-01
,2011-10-02
50.79153,2011-10-03
50.68634,2011-10-04
51.01385,2011-10-05
52.29037,2011-10-06
51.24362,2011-10-07
,2011-10-08
,2011-10-09
53.27311,2011-10-10
53.83847,2011-10-11
,2011-10-12
54.60107,2011-10-13
55.03045,2011-10-14
,2011-10-15
,2011-10-16
53.91133,2011-10-17
55.03193,2011-10-18
54.96613,2011-10-19
54.00998,2011-10-20
55.25523,2011-10-21
,2011-10-22
,2011-10-23
56.89197,2011-10-24
56.28599,2011-10-25
57.14379,2011-10-26
59.27013,2011-10-27
59.51313,2011-10-28
,2011-10-29
,2011-10-30
58.33839,2011-10-31
57.32275,2011-11-01
,2011-11-02
58.1963,2011-11-03
58.66992,2011-11-04
,2011-11-05
,2011-11-06
59.19877,2011-11-07
59.02613,2011-11-08
57.54974,2011-11-09
57.32181,2011-11-10
58.54697,2011-11-11
,2011-11-12
,2011-11-13
58.25823,2011-11-14
,2011-11-15
58.55999,2011-11-16
56.9889,2011-11-17
56.73134,2011-11-18
,2011-11-19
,2011-11-20
56.28459,2011-11-21
55.87844,2011-11-22
54.97208,2011-11-23
55.27988,2011-11-24
54.89449,2011-11-25
,2011-11-26
,2011-11-27
56.01735,2011-11-28
55.29976,2011-11-29
56.87498,2011-11-30
58.14342,2011-12-01
57.88585,2011-12-02
,2011-12-03
,2011-12-04
58.91048,2011-12-05
59.53616,2011-12-06
58.66283,2011-12-07
57.45502,2011-12-08
58.23646,2011-12-09
,2011-12-10
,2011-12-11
57.34686,2011-12-12
57.49485,2011-12-13
56.64687,2011-12-14
56.33115,2011-12-15
56.09693,2011-12-16
,2011-12-17
,2011-12-18
55.29833,2011-12-19
56.86485,2011-12-20
56.65337,2011-12-21
57.34787,2011-12-22
57.70107,2011-12-23
,2011-12-24
,2011-12-25
57.66948,2011-12-26
58.0052,2011-12-27
56.53376,2011-12-28
56.75408,2011-12-29
,2011-12-30
,2011-12-31
,2012-01-01
57.82927,2012-01-02
59.26487,2012-01-03
59.36495,2012-01-04
58.54608,2012-01-05
58.60037,2012-01-06
,2012-01-07
,2012-01-08
59.08288,2012-01-09
59.80596,2012-01-10
59.9624,2012-01-11
59.92078,2012-01-12
59.14658,2012-01-13
,2012-01-14
,2012-01-15
59.95646,2012-01-16
60.6459,2012-01-17
61.72286,2012-01-18
61.92669,2012-01-19
62.31213,2012-01-20
,2012-01-21
,2012-01-22
62.38624,2012-01-23
62.48622,2012-01-24
,2012-01-25
62.95306,2012-01-26
62.9042,2012-01-27
,2012-01-28
,2012-01-29
62.77001,2012-01-30
63.07231,2012-01-31
64.56718,2012-02-01
64.5931,2012-02-02
65.21737,2012-02-03
,2012-02-04
,2012-02-05
65.22372,2012-02-06
65.91702,2012-02-07
65.83116,2012-02-08
65.53049,2012-02-09
63.99786,2012-02-10
,2012-02-11
,2012-02-12
65.69153,2012-02-13
65.03853,2012-02-14
65.36849,2012-02-15
66.1417,2012-02-16
66.2035,2012-02-17
,2012-02-18
,2012-02-19
,2012-02-20
,2012-02-21
66.09277,2012-02-22
65.81962,2012-02-23
65.94273,2012-02-24
,2012-02-25
,2012-02-26
65.24149,2012-02-27
65.95878,2012-02-28
65.81173,2012-02-29
66.8098,2012-03-01
67.7816,2012-03-02
,2012-03-03
,2012-03-04
66.96403,2012-03-05
65.11415,2012-03-06
66.01676,2012-03-07
66.90839,2012-03-08
66.70396,2012-03-09
,2012-03-10
,2012-03-11
66.38476,2012-03-12
68.39433,2012-03-13
68.25722,2012-03-14
67.74949,2012-03-15
67.68413,2012-03-16
,2012-03-17
,2012-03-18
67.73031,2012-03-19
67.29556,2012-03-20
66.86005,2012-03-21
65.82819,2012-03-22
65.81295,2012-03-23
,2012-03-24
,2012-03-25
66.68459,2012-03-26
66.03735,2012-03-27
65.07934,2012-03-28
64.87199,2012-03-29
64.51097,2012-03-30
,2012-03-31
,2012-04-01
65.21625,2012-04-02
64.28426,2012-04-03
63.52865,2012-04-04
63.69118,2012-04-05
,2012-04-06
,2012-04-07
,2012-04-08
62.92321,2012-04-09
61.73828,2012-04-10
61.29314,2012-04-11
63.058,2012-04-12
62.1056,2012-04-13
,2012-04-14
,2012-04-15
61.95455,2012-04-16
62.69887,2012-04-17
63.01048,2012-04-18
62.61841,2012-04-19
62.49408,2012-04-20
,2012-04-21
,2012-04-22
61.53938,2012-04-23
61.97114,2012-04-24
61.75038,2012-04-25
62.19806,2012-04-26
61.69121,2012-04-27
,2012-04-28
,2012-04-29
61.82026,2012-04-30
,2012-05-01
62.42356,2012-05-02
62.10415,2012-05-03
60.82093,2012-05-04
,2012-05-05
,2012-05-06
61.22043,2012-05-07
60.36548,2012-05-08
59.78612,2012-05-09
59.70205,2012-05-10
59.44521,2012-05-11
,2012-05-12
,2012-05-13
57.53961,2012-05-14
56.23797,2012-05-15
55.88757,2012-05-16
54.0382,2012-05-17
54.51316,2012-05-18
,2012-05-19
,2012-05-20
56.59024,2012-05-21
55.03875,2012-05-22
54.61948,2012-05-23
54.063,2012-05-24
54.46316,2012-05-25
,2012-05-26
,2012-05-27
55.21269,2012-05-28
54.63306,2012-05-29
53.79791,2012-05-30
54.49041,2012-05-31
53.4029,2012-06-01
,2012-06-02
,2012-06-03
53.41675,2012-06-04
52.48144,2012-06-05
54.15604,2012-06-06
,2012-06-07
54.42985,2012-06-08
,2012-06-09
,2012-06-10
54.00145,2012-06-11
55.04903,2012-06-12
55.65051,2012-06-13
55.35167,2012-06-14
56.10469,2012-06-15
,2012-06-16
,2012-06-17
56.19521,2012-06-18
57.19549,2012-06-19
57.16655,2012-06-20
55.50517,2012-06-21
55.4395,2012-06-22
,2012-06-23
,2012-06-24
53.80538,2012-06-25
53.83657,2012-06-26
53.10893,2012-06-27
52.65225,2012-06-28
54.35463,2012-06-29
,2012-06-30
,2012-07-01
54.69279,2012-07-02
55.78032,2012-07-03
56.07682,2012-07-04
56.37906,2012-07-05
55.39405,2012-07-06
,2012-07-07
,2012-07-08
,2012-07-09
53.70582,2012-07-10
53.56914,2012-07-11
53.42087,2012-07-12
54.33051,2012-07-13
,2012-07-14
,2012-07-15
53.4018,2012-07-16
53.90947,2012-07-17
54.58313,2012-07-18
55.34665,2012-07-19
54.19479,2012-07-20
,2012-07-21
,2012-07-22
53.03396,2012-07-23
52.63863,2012-07-24
52.60754,2012-07-25
54.00272,2012-07-26
56.55312,2012-07-27
,2012-07-28
,2012-07-29
57.24092,2012-07-30
56.09705,2012-07-31
56.29193,2012-08-01
55.5204,2012-08-02
57.25522,2012-08-03
,2012-08-04
,2012-08-05
58.34461,2012-08-06
57.72566,2012-08-07
58.95098,2012-08-08
58.79713,2012-08-09
59.28093,2012-08-10
,2012-08-11
,2012-08-12
59.12274,2012-08-13
58.08292,2012-08-14
58.18928,2012-08-15
59.44579,2012-08-16
59.08237,2012-08-17
,2012-08-18
,2012-08-19
59.28309,2012-08-20
58.91773,2012-08-21
59.38076,2012-08-22
58.51155,2012-08-23
58.42576,2012-08-24
,2012-08-25
,2012-08-26
58.11146,2012-08-27
58.4064,2012-08-28
57.36919,2012-08-29
57.25643,2012-08-30
57.06145,2012-08-31
,2012-09-01
,2012-09-02
57.28145,2012-09-03
56.2339,2012-09-04
56.86391,2012-09-05
58.32124,2012-09-06
,2012-09-07
,2012-09-08
,2012-09-09
58.4041,2012-09-10
59.42255,2012-09-11
59.9218,2012-09-12
61.95812,2012-09-13
62.10547,2012-09-14
,2012-09-15
,2012-09-16
61.80598,2012-09-17
61.80433,2012-09-18
61.65183,2012-09-19
61.68797,2012-09-20
61.32007,2012-09-21
,2012-09-22
,2012-09-23
61.90999,2012-09-24
60.5011,2012-09-25
60.47805,2012-09-26
60.23979,2012-09-27
59.1758,2012-09-28
,2012-09-29
,2012-09-30
59.5708,2012-10-01
59.22208,2012-10-02
58.62733,2012-10-03
58.458,2012-10-04
58.57159,2012-10-05
,2012-10-06
,2012-10-07
59.31715,2012-10-08
58.93946,2012-10-09
58.45628,2012-10-10
59.16172,2012-10-11
,2012-10-12
,2012-10-13
,2012-10-14
59.60171,2012-10-15
59.74387,2012-10-16
60.08729,2012-10-17
59.7339,2012-10-18
58.92204,2012-10-19
,2012-10-20
,2012-10-21
58.7003,2012-10-22
57.69024,2012-10-23
57.16074,2012-10-24
57.83678,2012-10-25
57.27681,2012-10-26
,2012-10-27
,2012-10-28
57.17658,2012-10-29
57.68376,2012-10-30
57.06818,2012-10-31
58.38268,2012-11-01
,2012-11-02
,2012-11-03
,2012-11-04
58.20976,2012-11-05
59.45859,2012-11-06
58.51735,2012-11-07
57.52445,2012-11-08
57.35771,2012-11-09
,2012-11-10
,2012-11-11
57.06431,2012-11-12
57.48607,2012-11-13
56.27936,2012-11-14
,2012-11-15
55.40233,2012-11-16
,2012-11-17
,2012-11-18
56.45086,2012-11-19
,2012-11-20
56.24212,2012-11-21
56.43697,2012-11-22
57.57403,2012-11-23
,2012-11-24
,2012-11-25
56.7371,2012-11-26
56.24809,2012-11-27
56.5394,2012-11-28
57.85253,2012-11-29
57.47457,2012-11-30
,2012-12-01
,2012-12-02
58.20235,2012-12-03
57.56323,2012-12-04
57.67862,2012-12-05
57.65642,2012-12-06
58.48732,2012-12-07
,2012-12-08
,2012-12-09
59.24823,2012-12-10
59.62334,2012-12-11
59.47418,2012-12-12
59.31675,2012-12-13
59.60492,2012-12-14
,2012-12-15
,2012-12-16
59.56652,2012-12-17
60.46073,2012-12-18
60.99834,2012-12-19
61.27612,2012-12-20
61.00703,2012-12-21
,2012-12-22
,2012-12-23
,2012-12-24
,2012-12-25
60.95979,2012-12-26
60.41595,2012-12-27
60.95208,2012-12-28
,2012-12-29
,2012-12-30
,2012-12-31
,2013-01-01
62.5501,2013-01-02
63.31246,2013-01-03
62.52306,2013-01-04
,2013-01-05
,2013-01-06
61.93254,2013-01-07
61.12784,2013-01-08
61.57858,2013-01-09
61.67831,2013-01-10
61.49743,2013-01-11
,2013-01-12
,2013-01-13
62.08079,2013-01-14
61.72761,2013-01-15
61.78735,2013-01-16
62.19406,2013-01-17
61.95614,2013-01-18
,2013-01-19
,2013-01-20
61.89971,2013-01-21
61.69229,2013-01-22
61.96626,2013-01-23
61.16983,2013-01-24
,2013-01-25
,2013-01-26
,2013-01-27
60.02707,2013-01-28
60.40633,2013-01-29
59.3367,2013-01-30
59.76149,2013-01-31
60.35116,2013-02-01
,2013-02-02
,2013-02-03
59.57566,2013-02-04
59.44497,2013-02-05
58.95107,2013-02-06
58.37246,2013-02-07
58.49783,2013-02-08
,2013-02-09
,2013-02-10
,2013-02-11
,2013-02-12
58.40574,2013-02-13
58.07731,2013-02-14
57.9033,2013-02-15
,2013-02-16
,2013-02-17
57.6139,2013-02-18
57.3144,2013-02-19
56.1776,2013-02-20
56.15468,2013-02-21
56.69706,2013-02-22
,2013-02-23
,2013-02-24
56.61756,2013-02-25
56.94887,2013-02-26
57.27388,2013-02-27
57.42429,2013-02-28
56.88399,2013-03-01
,2013-03-02
,2013-03-03
56.49917,2013-03-04
55.95073,2013-03-05
57.94014,2013-03-06
58.84681,2013-03-07
58.43275,2013-03-08
,2013-03-09
,2013-03-10
58.54479,2013-03-11
58.20861,2013-03-12
57.3859,2013-03-13
57.28102,2013-03-14
56.86928,2013-03-15
,2013-03-16
,2013-03-17
56.97296,2013-03-18
56.36124,2013-03-19
56.03003,2013-03-20
55.57667,2013-03-21
55.2434,2013-03-22
,2013-03-23
,2013-03-24
54.87312,2013-03-25
55.67139,2013-03-26
56.03429,2013-03-27
56.35209,2013-03-28
,2013-03-29
,2013-03-30
,2013-03-31
55.90218,2013-04-01
54.8891,2013-04-02
55.56274,2013-04-03
54.64815,2013-04-04
55.0506,2013-04-05
,2013-04-06
,2013-04-07
55.09231,2013-04-08
55.91204,2013-04-09
56.18656,2013-04-10
55.40091,2013-04-11
54.96265,2013-04-12
,2013-04-13
,2013-04-14
52.94993,2013-04-15
53.99083,2013-04-16
52.88196,2013-04-17
53.16591,2013-04-18
53.92892,2013-04-19
,2013-04-20
,2013-04-21
54.29773,2013-04-22
54.88475,2013-04-23
54.98423,2013-04-24
54.96332,2013-04-25
54.25204,2013-04-26
,2013-04-27
,2013-04-28
54.88725,2013-04-29
55.91037,2013-04-30
,2013-05-01
55.32193,2013-05-02
55.48808,2013-05-03
,2013-05-04
,2013-05-05
55.42988,2013-05-06
56.27466,2013-05-07
55.8048,2013-05-08
55.44756,2013-05-09
55.1078,2013-05-10
,2013-05-11
,2013-05-12
54.44777,2013-05-13
54.66682,2013-05-14
54.93641,2013-05-15
54.77262,2013-05-16
55.16427,2013-05-17
,2013-05-18
,2013-05-19
55.70077,2013-05-20
56.26532,2013-05-21
56.42927,2013-05-22
56.34991,2013-05-23
56.40621,2013-05-24
,2013-05-25
,2013-05-26
56.39594,2013-05-27
56.03626,2013-05-28
54.63469,2013-05-29
,2013-05-30
53.50608,2013-05-31
,2013-06-01
,2013-06-02
53.94436,2013-06-03
54.0179,2013-06-04
52.79863,2013-06-05
52.88483,2013-06-06
51.61863,2013-06-07
,2013-06-08
,2013-06-09
51.31665,2013-06-10
49.76993,2013-06-11
49.18058,2013-06-12
50.41489,2013-06-13
49.33234,2013-06-14
,2013-06-15
,2013-06-16
49.08865,2013-06-17
49.46494,2013-06-18
47.89306,2013-06-19
48.21443,2013-06-20
47.05604,2013-06-21
,2013-06-22
,2013-06-23
45.96505,2013-06-24
46.89304,2013-06-25
47.17198,2013-06-26
47.60946,2013-06-27
47.45713,2013-06-28
,2013-06-29
,2013-06-30
47.22959,2013-07-01
45.22895,2013-07-02
45.04403,2013-07-03
45.76316,2013-07-04
45.21049,2013-07-05
,2013-07-06
,2013-07-07
45.0755,2013-07-08
,2013-07-09
45.48343,2013-07-10
46.62626,2013-07-11
45.53324,2013-07-12
,2013-07-13
,2013-07-14
46.7389,2013-07-15
46.86929,2013-07-16
47.40731,2013-07-17
47.65692,2013-07-18
47.40023,2013-07-19
,2013-07-20
,2013-07-21
48.57409,2013-07-22
48.81952,2013-07-23
48.37423,2013-07-24
49.06675,2013-07-25
49.42205,2013-07-26
,2013-07-27
,2013-07-28
49.21233,2013-07-29
48.56178,2013-07-30
48.23449,2013-07-31
49.14078,2013-08-01
48.47404,2013-08-02
,2013-08-03
,2013-08-04
48.43644,2013-08-05
47.42185,2013-08-06
47.44671,2013-08-07
48.92882,2013-08-08
49.8749,2013-08-09
,2013-08-10
,2013-08-11
50.29949,2013-08-12
50.60055,2013-08-13
50.89592,2013-08-14
50.90834,2013-08-15
51.53878,2013-08-16
,2013-08-17
,2013-08-18
51.57409,2013-08-19
50.50702,2013-08-20
50.4052,2013-08-21
51.39766,2013-08-22
52.19706,2013-08-23
,2013-08-24
,2013-08-25
51.42948,2013-08-26
50.09155,2013-08-27
49.86692,2013-08-28
49.92188,2013-08-29
50.01175,2013-08-30
,2013-08-31
,2013-09-01
51.83515,2013-09-02
51.6255,2013-09-03
51.71616,2013-09-04
52.35186,2013-09-05
53.74942,2013-09-06
,2013-09-07
,2013-09-08
54.25185,2013-09-09
53.97903,2013-09-10
53.57046,2013-09-11
53.30709,2013-09-12
53.79751,2013-09-13
,2013-09-14
,2013-09-15
53.82163,2013-09-16
54.27125,2013-09-17
55.7029,2013-09-18
55.09569,2013-09-19
54.11003,2013-09-20
,2013-09-21
,2013-09-22
54.60238,2013-09-23
54.43105,2013-09-24
54.26111,2013-09-25
53.78297,2013-09-26
53.73892,2013-09-27
,2013-09-28
,2013-09-29
52.33819,2013-09-30
53.17946,2013-10-01
53.10018,2013-10-02
52.48986,2013-10-03
52.84897,2013-10-04
,2013-10-05
,2013-10-06
52.4171,2013-10-07
52.31244,2013-10-08
52.54771,2013-10-09
52.99664,2013-10-10
53.14962,2013-10-11
,2013-10-12
,2013-10-13
54.1706,2013-10-14
54.98064,2013-10-15
55.97303,2013-10-16
55.35813,2013-10-17
55.37846,2013-10-18
,2013-10-19
,2013-10-20
56.07743,2013-10-21
56.46038,2013-10-22
55.44003,2013-10-23
54.87715,2013-10-24
54.15415,2013-10-25
,2013-10-26
,2013-10-27
55.07337,2013-10-28
54.5388,2013-10-29
54.17282,2013-10-30
54.2562,2013-10-31
54.01324,2013-11-01
,2013-11-02
,2013-11-03
54.43692,2013-11-04
53.83185,2013-11-05
53.3846,2013-11-06
52.74079,2013-11-07
52.24886,2013-11-08
,2013-11-09
,2013-11-10
52.62387,2013-11-11
51.80433,2013-11-12
52.23029,2013-11-13
53.4516,2013-11-14
,2013-11-15
,2013-11-16
,2013-11-17
54.30704,2013-11-18
53.03291,2013-11-19
,2013-11-20
52.68802,2013-11-21
52.80074,2013-11-22
,2013-11-23
,2013-11-24
52.26351,2013-11-25
51.44691,2013-11-26
51.86121,2013-11-27
51.84683,2013-11-28
52.48249,2013-11-29
,2013-11-30
,2013-12-01
51.24487,2013-12-02
50.34889,2013-12-03
50.21579,2013-12-04
50.78763,2013-12-05
50.94427,2013-12-06
,2013-12-07
,2013-12-08
51.16538,2013-12-09
50.99302,2013-12-10
50.06799,2013-12-11
50.12161,2013-12-12
50.05118,2013-12-13
,2013-12-14
,2013-12-15
50.27961,2013-12-16
50.09035,2013-12-17
50.56343,2013-12-18
51.63343,2013-12-19
51.18574,2013-12-20
,2013-12-21
,2013-12-22
51.3561,2013-12-23
,2013-12-24
,2013-12-25
51.22101,2013-12-26
51.26656,2013-12-27
,2013-12-28
,2013-12-29
51.50716,2013-12-30
,2013-12-31
,2014-01-01
50.34125,2014-01-02
50.98109,2014-01-03
,2014-01-04
,2014-01-05
50.97362,2014-01-06
50.43002,2014-01-07
50.57664,2014-01-08
49.32168,2014-01-09
49.69645,2014-01-10
,2014-01-11
,2014-01-12
49.4269,2014-01-13
49.7031,2014-01-14
50.10537,2014-01-15
49.69628,2014-01-16
49.18186,2014-01-17
,2014-01-18
,2014-01-19
48.70841,2014-01-20
48.54207,2014-01-21
49.29966,2014-01-22
48.32064,2014-01-23
47.78738,2014-01-24
,2014-01-25
,2014-01-26
47.70105,2014-01-27
47.84093,2014-01-28
47.55678,2014-01-29
47.24426,2014-01-30
47.63899,2014-01-31
,2014-02-01
,2014-02-02
46.14752,2014-02-03
46.96422,2014-02-04
46.62439,2014-02-05
47.73809,2014-02-06
48.0736,2014-02-07
,2014-02-08
,2014-02-09
47.71082,2014-02-10
48.46279,2014-02-11
48.21689,2014-02-12
47.81283,2014-02-13
48.20111,2014-02-14
,2014-02-15
,2014-02-16
47.57633,2014-02-17
46.59976,2014-02-18
47.15083,2014-02-19
47.28861,2014-02-20
47.38024,2014-02-21
,2014-02-22
,2014-02-23
47.3935,2014-02-24
46.71591,2014-02-25
46.59921,2014-02-26
47.60675,2014-02-27
47.0944,2014-02-28
,2014-03-01
,2014-03-02
,2014-03-03
,2014-03-04
46.589,2014-03-05
47.09313,2014-03-06
46.24407,2014-03-07
,2014-03-08
,2014-03-09
45.5332,2014-03-10
45.69762,2014-03-11
45.86181,2014-03-12
45.44383,2014-03-13
44.96566,2014-03-14
,2014-03-15
,2014-03-16
45.1178,2014-03-17
46.15096,2014-03-18
46.56723,2014-03-19
47.27848,2014-03-20
47.38094,2014-03-21
,2014-03-22
,2014-03-23
47.99342,2014-03-24
48.18014,2014-03-25
47.96561,2014-03-26
49.64679,2014-03-27
49.76806,2014-03-28
,2014-03-29
,2014-03-30
50.41492,2014-03-31
50.27037,2014-04-01
51.70105,2014-04-02
51.40821,2014-04-03
51.08178,2014-04-04
,2014-04-05
,2014-04-06
52.15528,2014-04-07
51.62907,2014-04-08
51.1854,2014-04-09
51.12748,2014-04-10
51.86729,2014-04-11
,2014-04-12
,2014-04-13
51.59655,2014-04-14
50.45435,2014-04-15
51.20056,2014-04-16
52.11185,2014-04-17
,2014-04-18
,2014-04-19
,2014-04-20
,2014-04-21
51.97686,2014-04-22
51.56969,2014-04-23
51.81745,2014-04-24
51.39935,2014-04-25
,2014-04-26
,2014-04-27
51.38368,2014-04-28
51.83861,2014-04-29
51.62669,2014-04-30
,2014-05-01
52.98031,2014-05-02
,2014-05-03
,2014-05-04
53.44617,2014-05-05
53.77974,2014-05-06
54.05274,2014-05-07
53.42237,2014-05-08
53.10034,2014-05-09
,2014-05-10
,2014-05-11
54.0529,2014-05-12
53.90746,2014-05-13
54.41254,2014-05-14
53.85554,2014-05-15
53.97576,2014-05-16
,2014-05-17
,2014-05-18
53.3531,2014-05-19
52.36619,2014-05-20
52.20337,2014-05-21
52.80622,2014-05-22
52.62641,2014-05-23
,2014-05-24
,2014-05-25
52.93291,2014-05-26
52.17398,2014-05-27
52.63975,2014-05-28
52.23934,2014-05-29
51.23934,2014-05-30
,2014-05-31
,2014-06-01
51.60583,2014-06-02
52.03238,2014-06-03
51.83298,2014-06-04
51.55879,2014-06-05
53.12866,2014-06-06
,2014-06-07
,2014-06-08
54.27316,2014-06-09
54.60434,2014-06-10
55.10244,2014-06-11
,2014-06-12
54.80664,2014-06-13
,2014-06-14
,2014-06-15
54.62955,2014-06-16
54.29995,2014-06-17
55.20254,2014-06-18
,2014-06-19
54.63819,2014-06-20
,2014-06-21
,2014-06-22
54.21005,2014-06-23
54.28078,2014-06-24
53.42574,2014-06-25
53.50675,2014-06-26
53.1573,2014-06-27
,2014-06-28
,2014-06-29
53.16822,2014-06-30
53.17149,2014-07-01
53.02878,2014-07-02
53.87458,2014-07-03
54.0559,2014-07-04
,2014-07-05
,2014-07-06
53.80183,2014-07-07
53.63469,2014-07-08
,2014-07-09
54.59275,2014-07-10
54.78593,2014-07-11
,2014-07-12
,2014-07-13
55.74398,2014-07-14
55.97361,2014-07-15
55.71736,2014-07-16
55.63751,2014-07-17
57.0129,2014-07-18
,2014-07-19
,2014-07-20
57.63392,2014-07-21
57.98332,2014-07-22
57.41996,2014-07-23
57.97756,2014-07-24
57.82108,2014-07-25
,2014-07-26
,2014-07-27
57.69572,2014-07-28
57.11881,2014-07-29
56.87797,2014-07-30
55.82941,2014-07-31
55.90287,2014-08-01
,2014-08-02
,2014-08-03
56.61633,2014-08-04
56.2021,2014-08-05
56.48718,2014-08-06
56.18805,2014-08-07
55.57293,2014-08-08
,2014-08-09
,2014-08-10
56.61332,2014-08-11
56.44234,2014-08-12
55.58119,2014-08-13
55.78041,2014-08-14
56.96365,2014-08-15
,2014-08-16
,2014-08-17
57.56072,2014-08-18
58.44929,2014-08-19
58.87824,2014-08-20
58.99211,2014-08-21
58.40732,2014-08-22
,2014-08-23
,2014-08-24
59.73517,2014-08-25
59.82145,2014-08-26
60.95057,2014-08-27
60.29087,2014-08-28
61.28815,2014-08-29
,2014-08-30
,2014-08-31
61.14127,2014-09-01
61.89598,2014-09-02
61.83704,2014-09-03
60.80002,2014-09-04
60.68198,2014-09-05
,2014-09-06
,2014-09-07
59.19275,2014-09-08
58.67634,2014-09-09
58.19866,2014-09-10
58.33729,2014-09-11
56.92781,2014-09-12
,2014-09-13
,2014-09-14
57.94876,2014-09-15
59.11466,2014-09-16
59.10819,2014-09-17
58.37448,2014-09-18
57.7887,2014-09-19
,2014-09-20
,2014-09-21
56.81811,2014-09-22
56.5405,2014-09-23
56.82442,2014-09-24
55.96208,2014-09-25
57.21238,2014-09-26
,2014-09-27
,2014-09-28
54.62535,2014-09-29
54.11598,2014-09-30
52.85843,2014-10-01
53.51857,2014-10-02
54.53955,2014-10-03
,2014-10-04
,2014-10-05
57.1159,2014-10-06
57.43633,2014-10-07
57.05848,2014-10-08
57.26753,2014-10-09
55.31159,2014-10-10
,2014-10-11
,2014-10-12
57.95653,2014-10-13
58.01546,2014-10-14
56.13527,2014-10-15
54.29833,2014-10-16
55.72379,2014-10-17
,2014-10-18
,2014-10-19
54.30257,2014-10-20
52.43243,2014-10-21
52.41103,2014-10-22
50.71326,2014-10-23
51.94073,2014-10-24
,2014-10-25
,2014-10-26
50.50366,2014-10-27
52.33003,2014-10-28
51.04932,2014-10-29
52.33683,2014-10-30
54.6286,2014-10-31
,2014-11-01
,2014-11-02
53.94721,2014-11-03
54.38359,2014-11-04
53.69842,2014-11-05
52.63706,2014-11-06
53.22285,2014-11-07
,2014-11-08
,2014-11-09
52.72538,2014-11-10
52.47427,2014-11-11
52.97889,2014-11-12
51.84603,2014-11-13
51.7724,2014-11-14
,2014-11-15
,2014-11-16
51.25699,2014-11-17
52.06186,2014-11-18
53.40281,2014-11-19
,2014-11-20
56.08404,2014-11-21
,2014-11-22
,2014-11-23
55.40691,2014-11-24
55.56081,2014-11-25
55.09847,2014-11-26
54.72132,2014-11-27
54.724,2014-11-28
,2014-11-29
,2014-11-30
52.27658,2014-12-01
51.61247,2014-12-02
52.32048,2014-12-03
51.42687,2014-12-04
51.99289,2014-12-05
,2014-12-06
,2014-12-07
50.27407,2014-12-08
50.19347,2014-12-09
49.54808,2014-12-10
49.86181,2014-12-11
48.00198,2014-12-12
,2014-12-13
,2014-12-14
47.01868,2014-12-15
47.00751,2014-12-16
48.71364,2014-12-17
48.4957,2014-12-18
49.65098,2014-12-19
,2014-12-20
,2014-12-21
50.12086,2014-12-22
50.88981,2014-12-23
,2014-12-24
,2014-12-25
50.14463,2014-12-26
,2014-12-27
,2014-12-28
50.59382,2014-12-29
50.00741,2014-12-30
,2014-12-31
,2015-01-01
48.51222,2015-01-02
,2015-01-03
,2015-01-04
47.51682,2015-01-05
48.00092,2015-01-06
49.46291,2015-01-07
49.9433,2015-01-08
48.84025,2015-01-09
,2015-01-10
,2015-01-11
48.13974,2015-01-12
48.04167,2015-01-13
47.64587,2015-01-14
48.02631,2015-01-15
49.01652,2015-01-16
,2015-01-17
,2015-01-18
47.75801,2015-01-19
47.87666,2015-01-20
49.22408,2015-01-21
49.44262,2015-01-22
48.7753,2015-01-23
,2015-01-24
,2015-01-25
48.57655,2015-01-26
48.59123,2015-01-27
47.69454,2015-01-28
47.76224,2015-01-29
46.90768,2015-01-30
,2015-01-31
,2015-02-01
47.65073,2015-02-02
48.96366,2015-02-03
49.30105,2015-02-04
49.23385,2015-02-05
48.79227,2015-02-06
,2015-02-07
,2015-02-08
49.38258,2015-02-09
48.51028,2015-02-10
48.23967,2015-02-11
49.53272,2015-02-12
50.63592,2015-02-13
,2015-02-14
,2015-02-15
,2015-02-16
,2015-02-17
51.28036,2015-02-18
51.29403,2015-02-19
51.2377,2015-02-20
,2015-02-21
,2015-02-22
51.28064,2015-02-23
51.87417,2015-02-24
51.81102,2015-02-25
51.76054,2015-02-26
51.58309,2015-02-27
,2015-02-28
,2015-03-01
51.02081,2015-03-02
51.3041,2015-03-03
50.46805,2015-03-04
50.3652,2015-03-05
49.98119,2015-03-06
,2015-03-07
,2015-03-08
49.18101,2015-03-09
48.2934,2015-03-10
48.90558,2015-03-11
48.8804,2015-03-12
48.59581,2015-03-13
,2015-03-14
,2015-03-15
48.84821,2015-03-16
50.28512,2015-03-17
51.52619,2015-03-18
50.95353,2015-03-19
51.96658,2015-03-20
,2015-03-21
,2015-03-22
51.90846,2015-03-23
51.50607,2015-03-24
51.8583,2015-03-25
50.57985,2015-03-26
50.09466,2015-03-27
,2015-03-28
,2015-03-29
51.24345,2015-03-30
51.15016,2015-03-31
52.32176,2015-04-01
53.12302,2015-04-02
,2015-04-03
,2015-04-04
,2015-04-05
53.73726,2015-04-06
53.72916,2015-04-07
53.66111,2015-04-08
53.80266,2015-04-09
54.21411,2015-04-10
,2015-04-11
,2015-04-12
54.23977,2015-04-13
53.98192,2015-04-14
54.91874,2015-04-15
54.67421,2015-04-16
53.95479,2015-04-17
,2015-04-18
,2015-04-19
53.76127,2015-04-20
,2015-04-21
54.61736,2015-04-22
55.68485,2015-04-23
56.59422,2015-04-24
,2015-04-25
,2015-04-26
55.5345,2015-04-27
55.81203,2015-04-28
55.32529,2015-04-29
56.22938,2015-04-30
,2015-05-01
,2015-05-02
,2015-05-03
57.35398,2015-05-04
58.05161,2015-05-05
57.10314,2015-05-06
56.92139,2015-05-07
57.14933,2015-05-08
,2015-05-09
,2015-05-10
57.1971,2015-05-11
56.79205,2015-05-12
56.37204,2015-05-13
56.65657,2015-05-14
57.24863,2015-05-15
,2015-05-16
,2015-05-17
56.20423,2015-05-18
55.49882,2015-05-19
54.90102,2015-05-20
55.11205,2015-05-21
54.37729,2015-05-22
,2015-05-23
,2015-05-24
54.60925,2015-05-25
53.62978,2015-05-26
54.23625,2015-05-27
53.97627,2015-05-28
52.76047,2015-05-29
,2015-05-30
,2015-05-31
53.03131,2015-06-01
54.23643,2015-06-02
53.5229,2015-06-03
,2015-06-04
52.97337,2015-06-05
,2015-06-06
,2015-06-07
52.80963,2015-06-08
52.81599,2015-06-09
53.87644,2015-06-10
53.68851,2015-06-11
53.34753,2015-06-12
,2015-06-13
,2015-06-14
53.13753,2015-06-15
53.70215,2015-06-16
53.24854,2015-06-17
54.23859,2015-06-18
53.74941,2015-06-19
,2015-06-20
,2015-06-21
53.86367,2015-06-22
53.77243,2015-06-23
53.84253,2015-06-24
53.17566,2015-06-25
54.01697,2015-06-26
,2015-06-27
,2015-06-28
53.01421,2015-06-29
53.08088,2015-06-30
52.75753,2015-07-01
53.10618,2015-07-02
52.5194,2015-07-03
,2015-07-04
,2015-07-05
52.14937,2015-07-06
52.34371,2015-07-07
51.78174,2015-07-08
,2015-07-09
52.59072,2015-07-10
,2015-07-11
,2015-07-12
53.11947,2015-07-13
53.23917,2015-07-14
52.90228,2015-07-15
53.06975,2015-07-16
52.3418,2015-07-17
,2015-07-18
,2015-07-19
51.60007,2015-07-20
51.47428,2015-07-21
50.91578,2015-07-22
49.80662,2015-07-23
49.24584,2015-07-24
,2015-07-25
,2015-07-26
48.73554,2015-07-27
49.60159,2015-07-28
50.24514,2015-07-29
49.8974,2015-07-30
50.86477,2015-07-31
,2015-08-01
,2015-08-02
50.13804,2015-08-03
50.05848,2015-08-04
50.28727,2015-08-05
50.01132,2015-08-06
48.57732,2015-08-07
,2015-08-08
,2015-08-09
49.353,2015-08-10
49.07234,2015-08-11
48.38804,2015-08-12
48.00956,2015-08-13
47.5084,2015-08-14
,2015-08-15
,2015-08-16
47.21742,2015-08-17
47.45058,2015-08-18
46.58839,2015-08-19
46.64923,2015-08-20
45.71964,2015-08-21
,2015-08-22
,2015-08-23
44.33647,2015-08-24
44.54485,2015-08-25
46.03807,2015-08-26
47.71527,2015-08-27
47.15386,2015-08-28
,2015-08-29
,2015-08-30
46.62552,2015-08-31
45.47706,2015-09-01
46.46396,2015-09-02
47.36587,2015-09-03
46.49772,2015-09-04
,2015-09-05
,2015-09-06
,2015-09-07
46.76207,2015-09-08
46.65709,2015-09-09
46.50399,2015-09-10
46.4005,2015-09-11
,2015-09-12
,2015-09-13
47.28151,2015-09-14
47.36406,2015-09-15
48.55309,2015-09-16
48.55107,2015-09-17
47.26408,2015-09-18
,2015-09-19
,2015-09-20
46.59019,2015-09-21
46.2646,2015-09-22
45.34011,2015-09-23
45.29196,2015-09-24
44.83146,2015-09-25
,2015-09-26
,2015-09-27
43.95662,2015-09-28
44.13182,2015-09-29
45.05934,2015-09-30
45.31327,2015-10-01
47.03346,2015-10-02
,2015-10-03
,2015-10-04
47.59806,2015-10-05
47.73511,2015-10-06
48.91432,2015-10-07
49.10655,2015-10-08
49.33841,2015-10-09
,2015-10-10
,2015-10-11
,2015-10-12
47.36263,2015-10-13
46.71043,2015-10-14
47.16115,2015-10-15
47.2361,2015-10-16
,2015-10-17
,2015-10-18
47.44731,2015-10-19
47.07655,2015-10-20
47.02586,2015-10-21
47.77214,2015-10-22
47.59658,2015-10-23
,2015-10-24
,2015-10-25
47.20932,2015-10-26
47.04294,2015-10-27
46.74084,2015-10-28
45.62835,2015-10-29
45.86881,2015-10-30
,2015-10-31
,2015-11-01
,2015-11-02
48.05366,2015-11-03
47.71009,2015-11-04
48.04675,2015-11-05
46.91851,2015-11-06
,2015-11-07
,2015-11-08
46.19492,2015-11-09
46.20656,2015-11-10
47.06501,2015-11-11
46.88357,2015-11-12
46.51703,2015-11-13
,2015-11-14
,2015-11-15
46.84687,2015-11-16
47.2478,2015-11-17
47.43557,2015-11-18
48.13888,2015-11-19
,2015-11-20
,2015-11-21
,2015-11-22
48.15027,2015-11-23
48.28418,2015-11-24
46.86663,2015-11-25
47.14563,2015-11-26
45.87291,2015-11-27
,2015-11-28
,2015-11-29
45.12036,2015-11-30
45.04675,2015-12-01
44.91453,2015-12-02
46.39326,2015-12-03
45.36075,2015-12-04
,2015-12-05
,2015-12-06
45.22269,2015-12-07
44.44325,2015-12-08
46.10802,2015-12-09
45.6307,2015-12-10
45.26272,2015-12-11
,2015-12-12
,2015-12-13
44.74731,2015-12-14
44.87246,2015-12-15
45.01584,2015-12-16
45.26147,2015-12-17
43.91059,2015-12-18
,2015-12-19
,2015-12-20
43.19995,2015-12-21
43.46951,2015-12-22
44.01493,2015-12-23
,2015-12-24
,2015-12-25
,2015-12-26
,2015-12-27
43.76433,2015-12-28
43.65396,2015-12-29
43.34996,2015-12-30
,2015-12-31
,2016-01-01
,2016-01-02
,2016-01-03
42.14103,2016-01-04
42.41932,2016-01-05
41.77314,2016-01-06
40.69472,2016-01-07
40.6122,2016-01-08
,2016-01-09
,2016-01-10
39.95049,2016-01-11
39.51382,2016-01-12
38.94444,2016-01-13
39.5001,2016-01-14
38.56912,2016-01-15
,2016-01-16
,2016-01-17
37.93727,2016-01-18
38.05701,2016-01-19
37.64547,2016-01-20
37.7171,2016-01-21
38.03122,2016-01-22
,2016-01-23
,2016-01-24
,2016-01-25
37.49747,2016-01-26
38.37636,2016-01-27
38.63019,2016-01-28
40.40599,2016-01-29
,2016-01-30
,2016-01-31
40.57003,2016-02-01
38.59616,2016-02-02
39.58881,2016-02-03
40.82173,2016-02-04
40.59209,2016-02-05
,2016-02-06
,2016-02-07
,2016-02-08
,2016-02-09
40.37658,2016-02-10
39.3183,2016-02-11
39.80804,2016-02-12
,2016-02-13
,2016-02-14
40.09289,2016-02-15
40.94769,2016-02-16
41.63081,2016-02-17
41.47763,2016-02-18
41.5434,2016-02-19
,2016-02-20
,2016-02-21
43.23485,2016-02-22
42.52094,2016-02-23
42.08455,2016-02-24
41.8879,2016-02-25
41.59307,2016-02-26
,2016-02-27
,2016-02-28
42.79386,2016-02-29
44.12179,2016-03-01
44.89348,2016-03-02
47.19339,2016-03-03
49.08486,2016-03-04
,2016-03-05
,2016-03-06
49.2461,2016-03-07
49.10213,2016-03-08
48.66509,2016-03-09
49.5711,2016-03-10
49.63867,2016-03-11
,2016-03-12
,2016-03-13
48.86733,2016-03-14
47.13002,2016-03-15
47.76343,2016-03-16
50.91378,2016-03-17
50.81465,2016-03-18
,2016-03-19
,2016-03-20
51.17154,2016-03-21
51.01019,2016-03-22
49.69004,2016-03-23
49.65739,2016-03-24
,2016-03-25
,2016-03-26
,2016-03-27
50.83822,2016-03-28
51.15499,2016-03-29
51.24892,2016-03-30
50.05527,2016-03-31
50.56152,2016-04-01
,2016-04-02
,2016-04-03
48.77998,2016-04-04
49.05361,2016-04-05
48.09624,2016-04-06
48.5131,2016-04-07
50.29292,2016-04-08
,2016-04-09
,2016-04-10
50.16547,2016-04-11
52.00186,2016-04-12
53.14984,2016-04-13
52.41101,2016-04-14
53.22774,2016-04-15
,2016-04-16
,2016-04-17
52.89407,2016-04-18
53.71004,2016-04-19
53.63093,2016-04-20
,2016-04-21
52.90787,2016-04-22
,2016-04-23
,2016-04-24
51.86171,2016-04-25
53.0825,2016-04-26
54.47778,2016-04-27
54.31196,2016-04-28
53.9105,2016-04-29
,2016-04-30
,2016-05-01
53.56153,2016-05-02
52.26018,2016-05-03
52.55279,2016-05-04
51.67104,2016-05-05
51.71782,2016-05-06
,2016-05-07
,2016-05-08
50.99006,2016-05-09
53.0709,2016-05-10
52.76446,2016-05-11
53.24131,2016-05-12
51.8043,2016-05-13
,2016-05-14
,2016-05-15
51.80292,2016-05-16
50.83944,2016-05-17
50.5617,2016-05-18
50.13253,2016-05-19
49.72274,2016-05-20
,2016-05-21
,2016-05-22
49.33042,2016-05-23
49.34518,2016-05-24
49.48285,2016-05-25
,2016-05-26
49.05149,2016-05-27
,2016-05-28
,2016-05-29
48.96434,2016-05-30
48.4717,2016-05-31
49.01265,2016-06-01
49.88724,2016-06-02
50.61949,2016-06-03
,2016-06-04
,2016-06-05
50.4318,2016-06-06
50.48785,2016-06-07
51.62929,2016-06-08
51.11846,2016-06-09
49.42215,2016-06-10
,2016-06-11
,2016-06-12
49.66079,2016-06-13
48.64829,2016-06-14
48.91474,2016-06-15
49.41161,2016-06-16
49.53384,2016-06-17
,2016-06-18
,2016-06-19
50.32936,2016-06-20
50.8378,2016-06-21
50.1563,2016-06-22
51.55981,2016-06-23
50.10526,2016-06-24
,2016-06-25
,2016-06-26
49.24553,2016-06-27
50.00656,2016-06-28
51.0019,2016-06-29
51.52692,2016-06-30
52.23304,2016-07-01
,2016-07-02
,2016-07-03
52.56865,2016-07-04
51.84227,2016-07-05
51.9018,2016-07-06
52.01465,2016-07-07
53.14074,2016-07-08
,2016-07-09
,2016-07-10
53.96011,2016-07-11
54.2564,2016-07-12
54.59828,2016-07-13
55.48086,2016-07-14
55.57823,2016-07-15
,2016-07-16
,2016-07-17
56.48421,2016-07-18
56.69806,2016-07-19
56.57804,2016-07-20
56.64148,2016-07-21
57.00208,2016-07-22
,2016-07-23
,2016-07-24
56.87272,2016-07-25
56.78275,2016-07-26
56.85284,2016-07-27
56.66711,2016-07-28
57.3082,2016-07-29
,2016-07-30
,2016-07-31
56.75576,2016-08-01
56.16238,2016-08-02
57.07691,2016-08-03
57.59389,2016-08-04
57.66114,2016-08-05
,2016-08-06
,2016-08-07
57.63542,2016-08-08
57.68941,2016-08-09
56.91977,2016-08-10
58.29957,2016-08-11
58.2984,2016-08-12
,2016-08-13
,2016-08-14
59.14597,2016-08-15
58.85543,2016-08-16
59.32383,2016-08-17
59.16601,2016-08-18
59.09892,2016-08-19
,2016-08-20
,2016-08-21
57.78124,2016-08-22
58.02003,2016-08-23
57.71788,2016-08-24
57.72213,2016-08-25
57.71624,2016-08-26
,2016-08-27
,2016-08-28
58.61039,2016-08-29
58.57542,2016-08-30
57.9011,2016-08-31
58.23626,2016-09-01
59.61639,2016-09-02
,2016-09-03
,2016-09-04
59.56634,2016-09-05
60.12943,2016-09-06
,2016-09-07
60.23165,2016-09-08
57.99972,2016-09-09
,2016-09-10
,2016-09-11
58.58611,2016-09-12
56.82077,2016-09-13
57.05946,2016-09-14
57.90948,2016-09-15
57.07975,2016-09-16
,2016-09-17
,2016-09-18
57.35037,2016-09-19
57.73645,2016-09-20
58.39392,2016-09-21
58.99416,2016-09-22
58.697,2016-09-23
,2016-09-24
,2016-09-25
58.05353,2016-09-26
58.38248,2016-09-27
59.35576,2016-09-28
58.35056,2016-09-29
58.36704,2016-09-30
,2016-10-01
,2016-10-02
59.46122,2016-10-03
59.33922,2016-10-04
60.25434,2016-10-05
60.64424,2016-10-06
61.10898,2016-10-07
,2016-10-08
,2016-10-09
61.66833,2016-10-10
61.02184,2016-10-11
,2016-10-12
61.11858,2016-10-13
61.76721,2016-10-14
,2016-10-15
,2016-10-16
62.6961,2016-10-17
63.7822,2016-10-18
63.5056,2016-10-19
63.83785,2016-10-20
64.10808,2016-10-21
,2016-10-22
,2016-10-23
64.05989,2016-10-24
63.8662,2016-10-25
63.82568,2016-10-26
64.2495,2016-10-27
64.30763,2016-10-28
,2016-10-29
,2016-10-30
64.92451,2016-10-31
63.32641,2016-11-01
,2016-11-02
61.75017,2016-11-03
61.59839,2016-11-04
,2016-11-05
,2016-11-06
64.05165,2016-11-07
64.15767,2016-11-08
63.25826,2016-11-09
61.20095,2016-11-10
59.1835,2016-11-11
,2016-11-12
,2016-11-13
59.65746,2016-11-14
,2016-11-15
60.75931,2016-11-16
59.77047,2016-11-17
59.96176,2016-11-18
,2016-11-19
,2016-11-20
61.07027,2016-11-21
61.95447,2016-11-22
61.9859,2016-11-23
61.39553,2016-11-24
61.55907,2016-11-25
,2016-11-26
,2016-11-27
62.85549,2016-11-28
60.98651,2016-11-29
61.90635,2016-11-30
59.50654,2016-12-01
60.31612,2016-12-02
,2016-12-03
,2016-12-04
59.83172,2016-12-05
61.08824,2016-12-06
61.4144,2016-12-07
60.67656,2016-12-08
60.50061,2016-12-09
,2016-12-10
,2016-12-11
59.17861,2016-12-12
59.28057,2016-12-13
58.21211,2016-12-14
58.39616,2016-12-15
58.38904,2016-12-16
,2016-12-17
,2016-12-18
57.11099,2016-12-19
57.58289,2016-12-20
57.64652,2016-12-21
57.25522,2016-12-22
57.9371,2016-12-23
,2016-12-24
,2016-12-25
58.62026,2016-12-26
58.69669,2016-12-27
59.78163,2016-12-28
60.22728,2016-12-29
,2016-12-30
,2016-12-31
,2017-01-01
59.5887,2017-01-02
61.81383,2017-01-03
61.58905,2017-01-04
62.07098,2017-01-05
61.66536,2017-01-06
,2017-01-07
,2017-01-08
61.70029,2017-01-09
62.1318,2017-01-10
62.44626,2017-01-11
63.95393,2017-01-12
63.65151,2017-01-13
,2017-01-14
,2017-01-15
63.83127,2017-01-16
64.35433,2017-01-17
64.14957,2017-01-18
63.95086,2017-01-19
64.52118,2017-01-20
,2017-01-21
,2017-01-22
65.74862,2017-01-23
65.84009,2017-01-24
,2017-01-25
66.19062,2017-01-26
66.03398,2017-01-27
,2017-01-28
,2017-01-29
64.30173,2017-01-30
64.67078,2017-01-31
64.83612,2017-02-01
64.57821,2017-02-02
64.95393,2017-02-03
,2017-02-04
,2017-02-05
63.99293,2017-02-06
64.19889,2017-02-07
64.8354,2017-02-08
64.96488,2017-02-09
66.12452,2017-02-10
,2017-02-11
,2017-02-12
66.96764,2017-02-13
66.71288,2017-02-14
67.97558,2017-02-15
67.81424,2017-02-16
67.74841,2017-02-17
,2017-02-18
,2017-02-19
68.53285,2017-02-20
69.05202,2017-02-21
68.58954,2017-02-22
67.46139,2017-02-23
66.6621,2017-02-24
,2017-02-25
,2017-02-26
,2017-02-27
,2017-02-28
66.98887,2017-03-01
65.85493,2017-03-02
66.78553,2017-03-03
,2017-03-04
,2017-03-05
66.34136,2017-03-06
65.74232,2017-03-07
64.71801,2017-03-08
64.58523,2017-03-09
64.67546,2017-03-10
,2017-03-11
,2017-03-12
65.5343,2017-03-13
64.69946,2017-03-14
66.23487,2017-03-15
65.78285,2017-03-16
64.20993,2017-03-17
,2017-03-18
,2017-03-19
64.88426,2017-03-20
62.98037,2017-03-21
63.52133,2017-03-22
63.53078,2017-03-23
63.85377,2017-03-24
,2017-03-25
,2017-03-26
64.30838,2017-03-27
64.64045,2017-03-28
65.52828,2017-03-29
65.26598,2017-03-30
64.98406,2017-03-31
,2017-04-01
,2017-04-02
65.21147,2017-04-03
65.76891,2017-04-04
64.77476,2017-04-05
64.22272,2017-04-06
64.5931,2017-04-07
,2017-04-08
,2017-04-09
64.64981,2017-04-10
64.35979,2017-04-11
63.89167,2017-04-12
62.82628,2017-04-13
,2017-04-14
,2017-04-15
,2017-04-16
64.33492,2017-04-17
64.15884,2017-04-18
63.40697,2017-04-19
63.76062,2017-04-20
,2017-04-21
,2017-04-22
,2017-04-23
64.38901,2017-04-24
65.14834,2017-04-25
64.86192,2017-04-26
64.67655,2017-04-27
65.40324,2017-04-28
,2017-04-29
,2017-04-30
,2017-05-01
66.72174,2017-05-02
66.09378,2017-05-03
64.8626,2017-05-04
65.70973,2017-05-05
,2017-05-06
,2017-05-07
65.52604,2017-05-08
66.27767,2017-05-09
67.34972,2017-05-10
67.53761,2017-05-11
68.22194,2017-05-12
,2017-05-13
,2017-05-14
68.47418,2017-05-15
68.68449,2017-05-16
67.54025,2017-05-17
61.59705,2017-05-18
62.6393,2017-05-19
,2017-05-20
,2017-05-21
61.67349,2017-05-22
62.66248,2017-05-23
63.25735,2017-05-24
63.22678,2017-05-25
64.08541,2017-05-26
,2017-05-27
,2017-05-28
63.76094,2017-05-29
63.96226,2017-05-30
62.71147,2017-05-31
62.28852,2017-06-01
62.51069,2017-06-02
,2017-06-03
,2017-06-04
62.45045,2017-06-05
62.95469,2017-06-06
63.17073,2017-06-07
62.75557,2017-06-08
62.21055,2017-06-09
,2017-06-10
,2017-06-11
61.70023,2017-06-12
61.82899,2017-06-13
61.92292,2017-06-14
,2017-06-15
61.62641,2017-06-16
,2017-06-17
,2017-06-18
62.01403,2017-06-19
60.76615,2017-06-20
60.76174,2017-06-21
61.27221,2017-06-22
61.08713,2017-06-23
,2017-06-24
,2017-06-25
62.18808,2017-06-26
61.67546,2017-06-27
62.01797,2017-06-28
62.23895,2017-06-29
62.89997,2017-06-30
,2017-07-01
,2017-07-02
63.27958,2017-07-03
63.23159,2017-07-04
63.15417,2017-07-05
62.47033,2017-07-06
62.3224,2017-07-07
,2017-07-08
,2017-07-09
63.02546,2017-07-10
63.83215,2017-07-11
64.83555,2017-07-12
65.17834,2017-07-13
65.43617,2017-07-14
,2017-07-15
,2017-07-16
65.21231,2017-07-17
65.33766,2017-07-18
65.17992,2017-07-19
64.93801,2017-07-20
64.68418,2017-07-21
,2017-07-22
,2017-07-23
65.09955,2017-07-24
65.66762,2017-07-25
65.01057,2017-07-26
65.27738,2017-07-27
65.49712,2017-07-28
,2017-07-29
,2017-07-30
65.92036,2017-07-31
66.51623,2017-08-01
67.13599,2017-08-02
66.77713,2017-08-03
66.89798,2017-08-04
,2017-08-05
,2017-08-06
67.93965,2017-08-07
67.89893,2017-08-08
67.67106,2017-08-09
66.99208,2017-08-10
67.35858,2017-08-11
,2017-08-12
,2017-08-13
68.28466,2017-08-14
68.35512,2017-08-15
68.59429,2017-08-16
67.97679,2017-08-17
68.71465,2017-08-18
,2017-08-19
,2017-08-20
68.63464,2017-08-21
70.01125,2017-08-22
70.47763,2017-08-23
71.13279,2017-08-24
71.07365,2017-08-25
,2017-08-26
,2017-08-27
71.01659,2017-08-28
71.32985,2017-08-29
70.88625,2017-08-30
70.83505,2017-08-31
71.92311,2017-09-01
,2017-09-02
,2017-09-03
72.12883,2017-09-04
72.15087,2017-09-05
73.41241,2017-09-06
,2017-09-07
73.07885,2017-09-08
,2017-09-09
,2017-09-10
74.31921,2017-09-11
74.53855,2017-09-12
74.78756,2017-09-13
74.65668,2017-09-14
75.75651,2017-09-15
,2017-09-16
,2017-09-17
75.9904,2017-09-18
75.97418,2017-09-19
76.00415,2017-09-20
75.60434,2017-09-21
75.38975,2017-09-22
,2017-09-23
,2017-09-24
74.44347,2017-09-25
74.31872,2017-09-26
73.79671,2017-09-27
73.56724,2017-09-28
74.2935,2017-09-29
,2017-09-30
,2017-10-01
74.35982,2017-10-02
76.76291,2017-10-03
76.59144,2017-10-04
76.61752,2017-10-05
76.05471,2017-10-06
,2017-10-07
,2017-10-08
75.7268,2017-10-09
76.8972,2017-10-10
76.6598,2017-10-11
,2017-10-12
76.98978,2017-10-13
,2017-10-14
,2017-10-15
76.89183,2017-10-16
76.20125,2017-10-17
76.59109,2017-10-18
76.28316,2017-10-19
76.39051,2017-10-20
,2017-10-21
,2017-10-22
75.41313,2017-10-23
76.35019,2017-10-24
76.67113,2017-10-25
75.89635,2017-10-26
75.97571,2017-10-27
,2017-10-28
,2017-10-29
74.80033,2017-10-30
74.30849,2017-10-31
73.82374,2017-11-01
,2017-11-02
73.91542,2017-11-03
,2017-11-04
,2017-11-05
74.31079,2017-11-06
72.41487,2017-11-07
74.36313,2017-11-08
72.93069,2017-11-09
72.16563,2017-11-10
,2017-11-11
,2017-11-12
72.47517,2017-11-13
70.82659,2017-11-14
,2017-11-15
72.51179,2017-11-16
73.43728,2017-11-17
,2017-11-18
,2017-11-19
,2017-11-20
74.59461,2017-11-21
74.51879,2017-11-22
74.48658,2017-11-23
74.15737,2017-11-24
,2017-11-25
,2017-11-26
74.05892,2017-11-27
74.13972,2017-11-28
72.70045,2017-11-29
71.97099,2017-11-30
72.26445,2017-12-01
,2017-12-02
,2017-12-03
73.09017,2017-12-04
72.54617,2017-12-05
73.26835,2017-12-06
72.48746,2017-12-07
72.73184,2017-12-08
,2017-12-09
,2017-12-10
72.80004,2017-12-11
73.81353,2017-12-12
72.91433,2017-12-13
72.42893,2017-12-14
72.6077,2017-12-15
,2017-12-16
,2017-12-17
73.11545,2017-12-18
72.68037,2017-12-19
73.36703,2017-12-20
75.13343,2017-12-21
75.18653,2017-12-22
,2017-12-23
,2017-12-24
,2017-12-25
75.70773,2017-12-26
76.07254,2017-12-27
76.40208,2017-12-28
,2017-12-29
,2017-12-30
,2017-12-31
,2018-01-01
77.89104,2018-01-02
77.99516,2018-01-03
78.64742,2018-01-04
79.07147,2018-01-05
,2018-01-06
,2018-01-07
79.37854,2018-01-08
78.86354,2018-01-09
78.20057,2018-01-10
79.36544,2018-01-11
79.34912,2018-01-12
,2018-01-13
,2018-01-14
79.75237,2018-01-15
79.83176,2018-01-16
81.18916,2018-01-17
80.96265,2018-01-18
81.2195,2018-01-19
,2018-01-20
,2018-01-21
81.67542,2018-01-22
80.67835,2018-01-23
83.68,2018-01-24
,2018-01-25
85.53084,2018-01-26
,2018-01-27
,2018-01-28
84.69801,2018-01-29
84.48246,2018-01-30
84.9127,2018-01-31
85.49524,2018-02-01
84.04134,2018-02-02
,2018-02-03
,2018-02-04
81.86109,2018-02-05
83.89404,2018-02-06
82.76673,2018-02-07
81.53253,2018-02-08
80.8987,2018-02-09
,2018-02-10
,2018-02-11
,2018-02-12
,2018-02-13
83.54284,2018-02-14
84.29057,2018-02-15
84.52458,2018-02-16
,2018-02-17
,2018-02-18
84.79271,2018-02-19
85.80396,2018-02-20
86.05182,2018-02-21
86.68645,2018-02-22
87.29324,2018-02-23
,2018-02-24
,2018-02-25
87.65264,2018-02-26
86.93544,2018-02-27
85.3536,2018-02-28
85.37779,2018-03-01
85.76134,2018-03-02
,2018-03-03
,2018-03-04
86.02283,2018-03-05
85.65302,2018-03-06
85.48355,2018-03-07
84.98461,2018-03-08
86.37141,2018-03-09
,2018-03-10
,2018-03-11
86.90043,2018-03-12
86.38385,2018-03-13
86.05096,2018-03-14
84.9282,2018-03-15
84.88649,2018-03-16
,2018-03-17
,2018-03-18
83.91306,2018-03-19
84.1638,2018-03-20
84.97659,2018-03-21
84.76788,2018-03-22
84.37719,2018-03-23
,2018-03-24
,2018-03-25
85.08786,2018-03-26
83.80806,2018-03-27
83.87414,2018-03-28
85.36556,2018-03-29
,2018-03-30
,2018-03-31
,2018-04-01
84.66644,2018-04-02
84.62346,2018-04-03
84.35969,2018-04-04
85.20966,2018-04-05
84.82042,2018-04-06
,2018-04-07
,2018-04-08
83.30723,2018-04-09
84.51036,2018-04-10
85.24559,2018-04-11
85.44353,2018-04-12
84.33441,2018-04-13
,2018-04-14
,2018-04-15
82.86158,2018-04-16
84.08613,2018-04-17
85.77646,2018-04-18
85.82426,2018-04-19
85.55009,2018-04-20
,2018-04-21
,2018-04-22
85.6025,2018-04-23
85.46908,2018-04-24
85.04439,2018-04-25
86.3832,2018-04-26
86.44466,2018-04-27
,2018-04-28
,2018-04-29
86.1155,2018-04-30
,2018-05-01
84.54709,2018-05-02
83.28814,2018-05-03
83.11803,2018-05-04
,2018-05-05
,2018-05-06
82.71443,2018-05-07
82.95605,2018-05-08
84.26549,2018-05-09
85.8612,2018-05-10
85.22024,2018-05-11
,2018-05-12
,2018-05-13
85.23218,2018-05-14
85.13042,2018-05-15
86.53697,2018-05-16
83.62195,2018-05-17
83.08188,2018-05-18
,2018-05-19
,2018-05-20
81.81532,2018-05-21
82.73888,2018-05-22
80.86729,2018-05-23
80.12231,2018-05-24
78.89766,2018-05-25
,2018-05-26
,2018-05-27
75.35584,2018-05-28
76.07197,2018-05-29
76.75361,2018-05-30
,2018-05-31
77.23975,2018-06-01
,2018-06-02
,2018-06-03
78.59606,2018-06-04
76.64172,2018-06-05
76.11722,2018-06-06
73.85146,2018-06-07
72.94207,2018-06-08
,2018-06-09
,2018-06-10
72.30777,2018-06-11
72.75413,2018-06-12
72.12214,2018-06-13
71.42119,2018-06-14
70.75773,2018-06-15
,2018-06-16
,2018-06-17
69.81474,2018-06-18
71.39434,2018-06-19
72.12341,2018-06-20
70.0749,2018-06-21
70.64065,2018-06-22
,2018-06-23
,2018-06-24
70.95297,2018-06-25
71.40459,2018-06-26
70.60901,2018-06-27
71.76653,2018-06-28
72.76252,2018-06-29
,2018-06-30
,2018-07-01
72.83974,2018-07-02
73.66776,2018-07-03
74.74312,2018-07-04
74.55306,2018-07-05
75.01039,2018-07-06
,2018-07-07
,2018-07-08
,2018-07-09
74.86238,2018-07-10
74.39855,2018-07-11
75.85623,2018-07-12
76.59436,2018-07-13
,2018-07-14
,2018-07-15
76.65259,2018-07-16
78.1303,2018-07-17
77.36264,2018-07-18
77.48684,2018-07-19
78.57129,2018-07-20
,2018-07-21
,2018-07-22
77.99612,2018-07-23
79.15499,2018-07-24
80.21805,2018-07-25
79.40534,2018-07-26
79.86611,2018-07-27
,2018-07-28
,2018-07-29
80.2756,2018-07-30
79.22044,2018-07-31
79.30165,2018-08-01
79.63669,2018-08-02
81.43498,2018-08-03
,2018-08-04
,2018-08-05
81.05076,2018-08-06
80.34653,2018-08-07
79.1517,2018-08-08
78.76799,2018-08-09
76.51436,2018-08-10
,2018-08-11
,2018-08-12
77.49646,2018-08-13
78.60212,2018-08-14
77.0775,2018-08-15
76.81872,2018-08-16
76.02851,2018-08-17
,2018-08-18
,2018-08-19
76.32789,2018-08-20
75.1804,2018-08-21
76.90231,2018-08-22
75.63377,2018-08-23
76.26224,2018-08-24
,2018-08-25
,2018-08-26
77.92969,2018-08-27
77.47318,2018-08-28
78.38884,2018-08-29
76.4041,2018-08-30
76.67753,2018-08-31
,2018-09-01
,2018-09-02
76.19274,2018-09-03
74.7118,2018-09-04
75.09227,2018-09-05
76.41602,2018-09-06
,2018-09-07
,2018-09-08
,2018-09-09
76.43636,2018-09-10
74.65651,2018-09-11
75.12481,2018-09-12
74.68668,2018-09-13
75.4291,2018-09-14
,2018-09-15
,2018-09-16
76.78886,2018-09-17
78.31397,2018-09-18
78.16866,2018-09-19
78.11602,2018-09-20
79.44429,2018-09-21
,2018-09-22
,2018-09-23
77.98419,2018-09-24
78.63015,2018-09-25
78.65616,2018-09-26
80.00009,2018-09-27
79.34243,2018-09-28
,2018-09-29
,2018-09-30
78.62366,2018-10-01
81.61228,2018-10-02
83.2734,2018-10-03
82.95281,2018-10-04
82.32152,2018-10-05
,2018-10-06
,2018-10-07
86.08392,2018-10-08
86.08755,2018-10-09
83.67912,2018-10-10
82.92108,2018-10-11
,2018-10-12
,2018-10-13
,2018-10-14
83.35977,2018-10-15
85.71757,2018-10-16
85.76396,2018-10-17
83.84712,2018-10-18
84.21975,2018-10-19
,2018-10-20
,2018-10-21
85.5967,2018-10-22
85.30004,2018-10-23
83.06356,2018-10-24
84.08351,2018-10-25
85.71988,2018-10-26
,2018-10-27
,2018-10-28
83.79671,2018-10-29
86.88571,2018-10-30
87.42355,2018-10-31
88.41905,2018-11-01
,2018-11-02
,2018-11-03
,2018-11-04
89.59816,2018-11-05
88.66892,2018-11-06
87.71435,2018-11-07
85.62014,2018-11-08
85.64122,2018-11-09
,2018-11-10
,2018-11-11
85.5247,2018-11-12
84.91411,2018-11-13
85.97306,2018-11-14
,2018-11-15
88.51527,2018-11-16
,2018-11-17
,2018-11-18
87.90084,2018-11-19
,2018-11-20
87.2688,2018-11-21
87.47744,2018-11-22
86.23023,2018-11-23
,2018-11-24
,2018-11-25
85.54651,2018-11-26
87.89118,2018-11-27
89.25083,2018-11-28
89.70957,2018-11-29
89.50403,2018-11-30
,2018-12-01
,2018-12-02
89.82009,2018-12-03
88.62445,2018-12-04
89.0398,2018-12-05
88.84649,2018-12-06
88.11508,2018-12-07
,2018-12-08
,2018-12-09
85.91471,2018-12-10
86.41958,2018-12-11
86.97746,2018-12-12
87.83759,2018-12-13
87.44951,2018-12-14
,2018-12-15
,2018-12-16
86.39968,2018-12-17
86.6105,2018-12-18
85.67353,2018-12-19
85.2693,2018-12-20
85.69716,2018-12-21
,2018-12-22
,2018-12-23
,2018-12-24
,2018-12-25
85.13611,2018-12-26
85.46021,2018-12-27
87.88727,2018-12-28
,2018-12-29
,2018-12-30
,2018-12-31
,2019-01-01
91.01232,2019-01-02
91.56426,2019-01-03
91.8408,2019-01-04
,2019-01-05
,2019-01-06
91.69905,2019-01-07
92.03186,2019-01-08
93.61305,2019-01-09
93.80594,2019-01-10
93.65831,2019-01-11
,2019-01-12
,2019-01-13
94.47413,2019-01-14
94.05572,2019-01-15
94.39308,2019-01-16
95.35109,2019-01-17
96.09675,2019-01-18
,2019-01-19
,2019-01-20
96.00978,2019-01-21
95.10338,2019-01-22
96.55843,2019-01-23
97.6772,2019-01-24
,2019-01-25
,2019-01-26
,2019-01-27
95.44388,2019-01-28
95.63933,2019-01-29
96.99621,2019-01-30
97.39375,2019-01-31
97.86128,2019-02-01
,2019-02-02
,2019-02-03
98.58864,2019-02-04
98.31121,2019-02-05
94.63557,2019-02-06
94.4056,2019-02-07
95.34311,2019-02-08
,2019-02-09
,2019-02-10
94.41292,2019-02-11
96.1684,2019-02-12
95.84241,2019-02-13
98.0151,2019-02-14
97.52591,2019-02-15
,2019-02-16
,2019-02-17
96.50989,2019-02-18
97.65916,2019-02-19
96.54482,2019-02-20
96.93228,2019-02-21
97.8856,2019-02-22
,2019-02-23
,2019-02-24
97.2399,2019-02-25
97.6025,2019-02-26
97.30732,2019-02-27
95.58435,2019-02-28
94.60376,2019-03-01
,2019-03-02
,2019-03-03
,2019-03-04
,2019-03-05
94.21688,2019-03-06
94.34018,2019-03-07
95.36486,2019-03-08
,2019-03-09
,2019-03-10
98.02662,2019-03-11
97.82804,2019-03-12
98.90389,2019-03-13
98.60467,2019-03-14
99.13674,2019-03-15
,2019-03-16
,2019-03-17
99.99393,2019-03-18
99.58838,2019-03-19
98.04138,2019-03-20
96.72908,2019-03-21
93.73516,2019-03-22
,2019-03-23
,2019-03-24
93.66201,2019-03-25
95.30682,2019-03-26
91.90341,2019-03-27
94.38894,2019-03-28
95.41456,2019-03-29
,2019-03-30
,2019-03-31
96.05446,2019-04-01
95.38676,2019-04-02
94.49148,2019-04-03
96.31307,2019-04-04
97.10817,2019-04-05
,2019-04-06
,2019-04-07
97.36929,2019-04-08
96.29179,2019-04-09
95.95345,2019-04-10
94.7547,2019-04-11
92.875,2019-04-12
,2019-04-13
,2019-04-14
93.08297,2019-04-15
94.33331,2019-04-16
93.28475,2019-04-17
94.57826,2019-04-18
,2019-04-19
,2019-04-20
,2019-04-21
94.58806,2019-04-22
95.92324,2019-04-23
95.04543,2019-04-24
96.55203,2019-04-25
96.23604,2019-04-26
,2019-04-27
,2019-04-28
96.18775,2019-04-29
96.35333,2019-04-30
,2019-05-01
95.52762,2019-05-02
96.00789,2019-05-03
,2019-05-04
,2019-05-05
95.00866,2019-05-06
94.38873,2019-05-07
95.59661,2019-05-08
94.80785,2019-05-09
94.25756,2019-05-10
,2019-05-11
,2019-05-12
91.72654,2019-05-13
92.09244,2019-05-14
91.62344,2019-05-15
90.02447,2019-05-16
89.99273,2019-05-17
,2019-05-18
,2019-05-19
91.94619,2019-05-20
94.48463,2019-05-21
94.36066,2019-05-22
93.91003,2019-05-23
93.6278,2019-05-24
,2019-05-25
,2019-05-26
94.86425,2019-05-27
96.39276,2019-05-28
96.56655,2019-05-29
97.45736,2019-05-30
97.03032,2019-05-31
,2019-06-01
,2019-06-02
97.02048,2019-06-03
97.38028,2019-06-04
95.99875,2019-06-05
97.20485,2019-06-06
97.82126,2019-06-07
,2019-06-08
,2019-06-09
97.46669,2019-06-10
98.96,2019-06-11
98.32088,2019-06-12
98.7737,2019-06-13
98.04006,2019-06-14
,2019-06-15
,2019-06-16
97.62325,2019-06-17
99.40439,2019-06-18
100.30341,2019-06-19
,2019-06-20
102.01264,2019-06-21
,2019-06-22
,2019-06-23
102.06233,2019-06-24
100.09295,2019-06-25
100.68863,2019-06-26
100.72397,2019-06-27
100.9672,2019-06-28
,2019-06-29
,2019-06-30
101.33968,2019-07-01
100.60517,2019-07-02
102.04311,2019-07-03
103.63617,2019-07-04
104.08947,2019-07-05
,2019-07-06
,2019-07-07
104.53022,2019-07-08
,2019-07-09
105.81706,2019-07-10
105.14644,2019-07-11
103.90599,2019-07-12
,2019-07-13
,2019-07-14
103.80269,2019-07-15
103.77541,2019-07-16
103.85553,2019-07-17
104.71659,2019-07-18
103.45193,2019-07-19
,2019-07-20
,2019-07-21
103.94946,2019-07-22
103.70428,2019-07-23
104.11954,2019-07-24
102.65458,2019-07-25
102.81893,2019-07-26
,2019-07-27
,2019-07-28
103.48263,2019-07-29
102.93276,2019-07-30
101.81213,2019-07-31
102.12594,2019-08-01
102.67368,2019-08-02
,2019-08-03
,2019-08-04
100.09775,2019-08-05
102.16369,2019-08-06
102.78237,2019-08-07
104.11523,2019-08-08
103.99616,2019-08-09
,2019-08-10
,2019-08-11
101.91522,2019-08-12
103.29947,2019-08-13
100.25801,2019-08-14
99.05691,2019-08-15
99.80578,2019-08-16
,2019-08-17
,2019-08-18
99.46867,2019-08-19
99.22225,2019-08-20
101.2019,2019-08-21
100.01128,2019-08-22
97.66749,2019-08-23
,2019-08-24
,2019-08-25
96.4296,2019-08-26
97.27619,2019-08-27
98.19353,2019-08-28
100.52443,2019-08-29
101.13461,2019-08-30
,2019-08-31
,2019-09-01
100.62574,2019-09-02
99.68083,2019-09-03
101.20089,2019-09-04
102.243,2019-09-05
102.93543,2019-09-06
,2019-09-07
,2019-09-08
103.18059,2019-09-09
103.0315,2019-09-10
103.4456,2019-09-11
104.37091,2019-09-12
103.50118,2019-09-13
,2019-09-14
,2019-09-15
103.68041,2019-09-16
104.61686,2019-09-17
104.53193,2019-09-18
104.33916,2019-09-19
104.8174,2019-09-20
,2019-09-21
,2019-09-22
104.63782,2019-09-23
103.87566,2019-09-24
104.48098,2019-09-25
105.3194,2019-09-26
105.07763,2019-09-27
,2019-09-28
,2019-09-29
104.74532,2019-09-30
104.0534,2019-10-01
101.03144,2019-10-02
101.51604,2019-10-03
102.55132,2019-10-04
,2019-10-05
,2019-10-06
100.57277,2019-10-07
99.9814,2019-10-08
101.24878,2019-10-09
101.81713,2019-10-10
103.83192,2019-10-11
,2019-10-12
,2019-10-13
104.30158,2019-10-14
104.48956,2019-10-15
105.4228,2019-10-16
105.01577,2019-10-17
104.72889,2019-10-18
,2019-10-19
,2019-10-20
106.02228,2019-10-21
107.38111,2019-10-22
107.54359,2019-10-23
106.98615,2019-10-24
107.36377,2019-10-25
,2019-10-26
,2019-10-27
108.18706,2019-10-28
107.55626,2019-10-29
108.40754,2019-10-30
107.21983,2019-10-31
108.19563,2019-11-01
,2019-11-02
,2019-11-03
108.77933,2019-11-04
108.71902,2019-11-05
108.36022,2019-11-06
109.58057,2019-11-07
107.62898,2019-11-08
,2019-11-09
,2019-11-10
108.36744,2019-11-11
106.75111,2019-11-12
106.05995,2019-11-13
106.55688,2019-11-14
,2019-11-15
,2019-11-16
,2019-11-17
106.26925,2019-11-18
105.86418,2019-11-19
,2019-11-20
107.49673,2019-11-21
108.69228,2019-11-22
,2019-11-23
,2019-11-24
108.42393,2019-11-25
107.0594,2019-11-26
107.70775,2019-11-27
108.29009,2019-11-28
108.23328,2019-11-29
,2019-11-30
,2019-12-01
108.92783,2019-12-02
108.95602,2019-12-03
110.30093,2019-12-04
110.62227,2019-12-05
111.12575,2019-12-06
,2019-12-07
,2019-12-08
110.97723,2019-12-09
110.67201,2019-12-10
110.96387,2019-12-11
112.19974,2019-12-12
112.56486,2019-12-13
,2019-12-14
,2019-12-15
111.89604,2019-12-16
112.61566,2019-12-17
114.31465,2019-12-18
115.13125,2019-12-19
115.12108,2019-12-20
,2019-12-21
,2019-12-22
115.86329,2019-12-23
,2019-12-24
,2019-12-25
117.2032,2019-12-26
116.53398,2019-12-27
,2019-12-28
,2019-12-29
115.64534,2019-12-30
,2019-12-31
,2020-01-01
118.5731,2020-01-02
117.70666,2020-01-03
,2020-01-04
,2020-01-05
116.87792,2020-01-06
116.66194,2020-01-07
116.24703,2020-01-08
115.94711,2020-01-09
115.50342,2020-01-10
,2020-01-11
,2020-01-12
117.32528,2020-01-13
117.6324,2020-01-14
116.41435,2020-01-15
116.70421,2020-01-16
118.4783,2020-01-17
,2020-01-18
,2020-01-19
118.86163,2020-01-20
117.02604,2020-01-21
118.39136,2020-01-22
119.52763,2020-01-23
118.37636,2020-01-24
,2020-01-25
,2020-01-26
114.48184,2020-01-27
116.47898,2020-01-28
115.38484,2020-01-29
115.52804,2020-01-30
113.76057,2020-01-31
,2020-02-01
,2020-02-02
114.62921,2020-02-03
115.55671,2020-02-04
116.02827,2020-02-05
115.18997,2020-02-06
113.77029,2020-02-07
,2020-02-08
,2020-02-09
112.5703,2020-02-10
115.37061,2020-02-11
116.67413,2020-02-12
115.6624,2020-02-13
114.38071,2020-02-14
,2020-02-15
,2020-02-16
115.30908,2020-02-17
114.97729,2020-02-18
116.51759,2020-02-19
114.58624,2020-02-20
113.68142,2020-02-21
,2020-02-22
,2020-02-23
,2020-02-24
,2020-02-25
105.71829,2020-02-26
102.98354,2020-02-27
104.17157,2020-02-28
,2020-02-29
,2020-03-01
106.62541,2020-03-02
105.53714,2020-03-03
107.22422,2020-03-04
102.23324,2020-03-05
97.99677,2020-03-06
,2020-03-07
,2020-03-08
86.0672,2020-03-09
92.21447,2020-03-10
85.17113,2020-03-11
72.58253,2020-03-12
82.67791,2020-03-13
,2020-03-14
,2020-03-15
71.16805,2020-03-16
74.61724,2020-03-17
66.89495,2020-03-18
68.3318,2020-03-19
67.06936,2020-03-20
,2020-03-21
,2020-03-22
63.56962,2020-03-23
69.7293,2020-03-24
74.95557,2020-03-25
77.70966,2020-03-26
73.42878,2020-03-27
,2020-03-28
,2020-03-29
74.63948,2020-03-30
73.01976,2020-03-31
70.9667,2020-04-01
72.25346,2020-04-02
69.53756,2020-04-03
,2020-04-04
,2020-04-05
74.07298,2020-04-06
76.35809,2020-04-07
78.62462,2020-04-08
77.68194,2020-04-09
,2020-04-10
,2020-04-11
,2020-04-12
78.83582,2020-04-13
79.91836,2020-04-14
78.83146,2020-04-15
77.81185,2020-04-16
78.99029,2020-04-17
,2020-04-18
,2020-04-19
78.97276,2020-04-20
,2020-04-21
80.68715,2020-04-22
79.6733,2020-04-23
75.33061,2020-04-24
,2020-04-25
,2020-04-26
78.2386,2020-04-27
81.31223,2020-04-28
83.1708,2020-04-29
80.50589,2020-04-30
,2020-05-01
,2020-05-02
,2020-05-03
78.87622,2020-05-04
79.47078,2020-05-05
79.06368,2020-05-06
78.11857,2020-05-07
80.26335,2020-05-08
,2020-05-09
,2020-05-10
79.0646,2020-05-11
77.87195,2020-05-12
77.7722,2020-05-13
79.01081,2020-05-14
77.55662,2020-05-15
,2020-05-16
,2020-05-17
81.19429,2020-05-18
80.74235,2020-05-19
81.31945,2020-05-20
83.02709,2020-05-21
82.17321,2020-05-22
,2020-05-23
,2020-05-24
85.66348,2020-05-25
85.46891,2020-05-26
87.94625,2020-05-27
86.94909,2020-05-28
87.40259,2020-05-29
,2020-05-30
,2020-05-31
88.6201,2020-06-01
91.04638,2020-06-02
93.00214,2020-06-03
93.82861,2020-06-04
94.63706,2020-06-05
,2020-06-06
,2020-06-07
97.64467,2020-06-08
96.74655,2020-06-09
94.68598,2020-06-10
,2020-06-11
92.79527,2020-06-12
,2020-06-13
,2020-06-14
92.37552,2020-06-15
93.53117,2020-06-16
95.54729,2020-06-17
96.12524,2020-06-18
96.5721,2020-06-19
,2020-06-20
,2020-06-21
95.33596,2020-06-22
95.97516,2020-06-23
94.37736,2020-06-24
95.98309,2020-06-25
93.83449,2020-06-26
,2020-06-27
,2020-06-28
95.73535,2020-06-29
95.05582,2020-06-30
96.2032,2020-07-01
96.23496,2020-07-02
96.76485,2020-07-03
,2020-07-04
,2020-07-05
98.93716,2020-07-06
97.76104,2020-07-07
99.76988,2020-07-08
99.16033,2020-07-09
100.03183,2020-07-10
,2020-07-11
,2020-07-12
98.69706,2020-07-13
100.44023,2020-07-14
101.79054,2020-07-15
100.55327,2020-07-16
102.88825,2020-07-17
,2020-07-18
,2020-07-19
104.42637,2020-07-20
104.30974,2020-07-21
104.28957,2020-07-22
102.29331,2020-07-23
102.38158,2020-07-24
,2020-07-25
,2020-07-26
104.47708,2020-07-27
104.10907,2020-07-28
105.60517,2020-07-29
105.0087,2020-07-30
102.91224,2020-07-31
,2020-08-01
,2020-08-02
102.82996,2020-08-03
101.21587,2020-08-04
102.80176,2020-08-05
104.12564,2020-08-06
102.77555,2020-08-07
,2020-08-08
,2020-08-09
103.44448,2020-08-10
102.1744,2020-08-11
102.11779,2020-08-12
100.4606,2020-08-13
101.35345,2020-08-14
,2020-08-15
,2020-08-16
99.59541,2020-08-17
102.06535,2020-08-18
100.85372,2020-08-19
101.46787,2020-08-20
101.52129,2020-08-21
,2020-08-22
,2020-08-23
102.29795,2020-08-24
102.11764,2020-08-25
100.62733,2020-08-26
100.62364,2020-08-27
102.14293,2020-08-28
,2020-08-29
,2020-08-30
99.36915,2020-08-31
102.16765,2020-09-01
101.91113,2020-09-02
100.72136,2020-09-03
101.24173,2020-09-04
,2020-09-05
,2020-09-06
,2020-09-07
100.05043,2020-09-08
101.29205,2020-09-09
98.83459,2020-09-10
98.36322,2020-09-11
,2020-09-12
,2020-09-13
100.27452,2020-09-14
100.29791,2020-09-15
99.67568,2020-09-16
100.09783,2020-09-17
98.28971,2020-09-18
,2020-09-19
,2020-09-20
96.99072,2020-09-21
97.29354,2020-09-22
95.73482,2020-09-23
97.01207,2020-09-24
96.99938,2020-09-25
,2020-09-26
,2020-09-27
94.66637,2020-09-28
93.58035,2020-09-29
94.60338,2020-09-30
95.47852,2020-10-01
94.01568,2020-10-02
,2020-10-03
,2020-10-04
96.08919,2020-10-05
95.61503,2020-10-06
95.52626,2020-10-07
97.91973,2020-10-08
97.48331,2020-10-09
,2020-10-10
,2020-10-11
,2020-10-12
98.50282,2020-10-13
99.33443,2020-10-14
99.05406,2020-10-15
98.30912,2020-10-16
,2020-10-17
,2020-10-18
98.65765,2020-10-19
100.53983,2020-10-20
100.55244,2020-10-21
101.91773,2020-10-22
101.25975,2020-10-23
,2020-10-24
,2020-10-25
101.01696,2020-10-26
99.60554,2020-10-27
95.36876,2020-10-28
96.58216,2020-10-29
93.9524,2020-10-30
,2020-10-31
,2020-11-01
,2020-11-02
95.97971,2020-11-03
97.86681,2020-11-04
100.7514,2020-11-05
100.92511,2020-11-06
,2020-11-07
,2020-11-08
103.51516,2020-11-09
105.06696,2020-11-10
104.80883,2020-11-11
102.50701,2020-11-12
104.723,2020-11-13
,2020-11-14
,2020-11-15
106.42992,2020-11-16
107.24863,2020-11-17
106.11909,2020-11-18
106.6699,2020-11-19
106.04248,2020-11-20
,2020-11-21
,2020-11-22
107.37892,2020-11-23
109.7863,2020-11-24
110.13253,2020-11-25
110.22709,2020-11-26
110.57547,2020-11-27
,2020-11-28
,2020-11-29
108.89332,2020-11-30
111.39991,2020-12-01
111.87853,2020-12-02
112.29159,2020-12-03
113.75022,2020-12-04
,2020-12-05
,2020-12-06
113.58977,2020-12-07
113.79306,2020-12-08
113.00116,2020-12-09
115.12863,2020-12-10
115.128,2020-12-11
,2020-12-12
,2020-12-13
114.61112,2020-12-14
116.14863,2020-12-15
117.85735,2020-12-16
118.40057,2020-12-17
118.02367,2020-12-18
,2020-12-19
,2020-12-20
115.82257,2020-12-21
116.63618,2020-12-22
117.80685,2020-12-23
,2020-12-24
,2020-12-25
,2020-12-26
,2020-12-27
119.1237,2020-12-28
119.40915,2020-12-29
119.01724,2020-12-30
,2020-12-31
,2021-01-01
,2021-01-02
,2021-01-03
118.85471,2021-01-04
119.37621,2021-01-05
119.10008,2021-01-06
122.38592,2021-01-07
125.07663,2021-01-08
,2021-01-09
,2021-01-10
123.25513,2021-01-11
123.998,2021-01-12
121.93308,2021-01-13
123.48052,2021-01-14
120.3488,2021-01-15
,2021-01-16
,2021-01-17
121.24163,2021-01-18
120.63639,2021-01-19
119.6464,2021-01-20
118.32899,2021-01-21
117.38049,2021-01-22
,2021-01-23
,2021-01-24
,2021-01-25
116.46406,2021-01-26
115.8823,2021-01-27
118.88325,2021-01-28
115.06755,2021-01-29
,2021-01-30
,2021-01-31
117.51757,2021-02-01
118.23381,2021-02-02
119.72472,2021-02-03
119.26082,2021-02-04
120.24026,2021-02-05
,2021-02-06
,2021-02-07
119.69636,2021-02-08
119.47162,2021-02-09
118.43533,2021-02-10
119.29983,2021-02-11
119.42872,2021-02-12
,2021-02-13
,2021-02-14
,2021-02-15
,2021-02-16
120.35579,2021-02-17
119.19897,2021-02-18
118.43053,2021-02-19
,2021-02-20
,2021-02-21
112.6677,2021-02-22
115.22746,2021-02-23
115.66778,2021-02-24
112.25636,2021-02-25
110.03517,2021-02-26
,2021-02-27
,2021-02-28
110.33483,2021-03-01
111.5398,2021-03-02
111.18395,2021-03-03
112.69017,2021-03-04
115.20223,2021-03-05
,2021-03-06
,2021-03-07
110.61158,2021-03-08
111.33062,2021-03-09
112.77649,2021-03-10
114.98376,2021-03-11
114.1604,2021-03-12
,2021-03-13
,2021-03-14
